Ленин Владимир Ильич; 22.04.1870 (10) ; [[председатель Совета народных комиссаров СССР]] ;; [[РСДРП]] → [[РКП(б)]] → [[ВКП(б)]] 
Государственный строй Эстонии;;;;
Аксельрод Павел Борисович; 1849 или 1850;;; [[Земля и воля
Мнишек Марина Юрьевна; ок. [[1588]] ; [[Список супругов российских правителей#Русские царицы;;
Камилла герцогиня Корнуольская; 17.07.1947 ; герцогиня Корнуольская и Ротсейская ;;
Сирота Михаил Дмитриевич; 17.07.1956 ;;; [[Трудовая партия Украины]] 
Литвинов Максим Максимович;  17.07.1876 (5); [[Народный комиссариат иностранных дел СССР;7548][http://www.lechaim.ru/ARHIV/189/yavelov.htm]<ref name; [[РСДРП(б)]] с 1898 года.
Кадыров Ахмат Абдулхамидович; 23.8.1951; [[Президент Чеченской Республики]];;
Че Гевара Эрнесто; 14.06.1928 ; министр промышленности Кубы  ;; [[Коммунистическая партия Кубы]] 
Федеративное устройство России;;;;
Кеннеди Джон Фицджеральд; 29.05.1917; [[Президент США]]     ;; [[Демократическая партия США]]
Полтавченко Георгий Сергеевич; 23.2.1953 ; [[Главы Санкт-Петербурга; {{RUS}} ;  
Латышев Пётр Михайлович; 30.8.1948; [[Полномочный представитель Президента Российской Федерации в федеральном округе;; 
Альбрехт (герцог Пруссии); 17.5.1490 ; [[Список правителей Пруссии;;
Луиза (королева Пруссии); 10.03.1776; королева [[Пруссия;;
Пржемысл Отакар II; 1233; [[Король Чехии]];;
Рыжков Николай Иванович; 28.9.1929; [[Председатель Совета Министров СССР]]; {{USSR}} → {{RUS}}; [[КПСС]] (с 1956 по 1991)
Сталин Иосиф Виссарионович; {{OldStyleDate; [[председатель Совета министров СССР]];; [[Коммунистическая партия Советского Союза
Плеханов Георгий Валентинович; 11.12.1856 (29.11);;;* [[Земля и воля]]* [[Чёрный передел (организация)
Троцкий Лев Давидович; 7.11.1879 (26.10); [[Петроградский совет рабочих и солдатских депутатов;; [[Российская социал-демократическая рабочая партия (большевиков)
Марк Туллий Цицерон; 3.01.-106; оратор, философ, политик;; 
Столыпин Пётр Аркадьевич; 14.4.1862 (2); [[Премьер-министры России;;
Горемыкин Иван Логгинович; 8.11.1839 (27.10); [[Премьер-министры России;; 
Победоносцев Константин Петрович; 2.06.1827 (21.05); [[Обер-прокурор;;
Рыков Алексей Иванович; 25.02.1881 (13); [[председатель Совета народных комиссаров СССР]]  ;; [[РСДРП]] (с 1898)
Керенский Александр Фёдорович; 4.5.1881 (22.4); Министр юстиции Всероссийского Временного Правительства;; [[Трудовая группа
Львов Георгий Евгеньевич; 2.11.1861 ; [[Временное правительство (Россия);;
Афонсу I Великий; 25.07.1109; [[Список правителей Португалии;;
Административное деление Украины;;;;
Фрадков Михаил Ефимович; 1.9.1950; [[Председатель Правительства Российской Федерации]];;
Бирон Эрнст Иоганн; 23.11.1690; [[Курляндия и Семигалия;;
Молотов Вячеслав Михайлович; 9.3.1890(25.2); [[Совет Народных Комиссаров СССР;; [[КПСС]] (с 1906, исключён 1962, восстановлен 1984)
Кучма Леонид Данилович; 9.08.1938; [[Президент Украины]];;
Андропов Юрий Владимирович; 15.6.1914 (2); Член [[Политбюро ЦК КПСС]];; [[КПСС]] (1939, кандидат с 1937)
Пален Пётр Алексеевич; 28.07.1745 (17) ; [[Санкт-Петербургское генерал-губернаторство;;
Горбачёв Михаил Сергеевич; 2.3.1931; [[Президент СССР]];; 1) [[КПСС]] (1952—1991)<br />2) [[Российская объединённая социал-демократическая партия
Лукашенко Александр Григорьевич; 30.8.1954; [[президент Республики Беларусь]];; [[КПСС]] ([[1979]]—[[1991]])
Яковлев Владимир Анатольевич; 25.11.1944; [[Министерство регионального развития России;;
Драчевский Леонид Вадимович; 5.4.1942; Полномочный представитель Президента Российской Федерации в [[Сибирский федеральный округ;;
Путин Владимир Владимирович; 7.10.1952 ; [[президент Российской Федерации]]; {{USSR}} →<br />{{RUS}} ; До августа 1991 года член [[Коммунистическая партия Советского Союза
Фетисов Вячеслав Александрович; 20.04.1958; Председатель [[Государственный комитет Российской Федерации по физической культуре и спорту;"Г">[http://www.gazeta.ru/politics/2012/12/06_a_4881457.shtml РОтложенное гражданство // Газета.ру]</ref>.Законодательная инициатива сенаторов вызвали широкий общественный резонанс в СМИ и в интернете, так как многие посчитали это возможностью для переселения в Россию мигрантов из бывших республик СССР. Согласно исследованию Левада-центра, опубликованному в конце ноября, 63 % россиян считают, что численность мигрантов должна быть сокращена, а 71 % — что мигранты способствуют росту уровня преступности в стране, при этом 67 % полагают, что мигранты отнимают у россиян рабочие места<ref name; «[[Единая Россия]]» 
Ельцин Борис Николаевич; 1.2.1931 ; [[президент Российской Федерации]] ;; [[КПСС]] ([[1961]]—[[1990]]) 
Хрущёв Никита Сергеевич; 15.4.1894 (3); [[генеральный секретарь ЦК КПСС;; [[КПСС]] (с 1918 года)
Салазар Антониу ди; 28.4.1889; [[Премьер-министр Португалии]];; 1) [[Католический центр]] <br />2) [[Национальный союз (Португалия)
Дудаев Джохар Мусаевич; 15.2.1944; [[Главы Чечни после 1991 года;; [[КПСС]] ([[1968]]—[[1991]])
Хайле Селассие I; 23.07.1892; [[император Эфиопии]];;
Лихачёв Дмитрий Сергеевич; 28.11.1906 (15); Председатель правления [[Советский фонд культуры;;
Тимошенко Семён Константинович; 18.02.1895 (6); [[Народный комиссариат обороны СССР;; [[РКП(б)]], [[ВКП(б)]], [[КПСС]]
Ворошилов Климент Ефремович; 4.2.1881 (23.1); [[председатель Президиума Верховного Совета СССР]] ;; [[КПСС]] (с [[1905 год]]а)
Ромул и Рем; ок. [[771 год до н. э.]] ; [[Древнеримские цари;  ;
Козак Дмитрий Николаевич; 7.11.1958; [[Заместитель Председателя Правительства Российской Федерации]]; {{Флагификация;
Устинов Дмитрий Фёдорович; 30.10.1908 (17.10); Член [[Политбюро ЦК КПСС]];; [[КПСС]] с [[1927 год]]а
Хлопонин Александр Геннадиевич; 6.3.1965; [[Полномочный представитель президента Российской Федерации в федеральном округе;; [[Единая Россия]]
Список премьер-министров Израиля;;;;
Политические партии России;;;;
Абаза Александр Агеевич; 5.8.1821 (24.7); [[Министерство финансов Российской империи;;
Аббас I Великий; 27.1.1571; [[шахиншах;;
Абдул-Малик ибн Мерван; 646; Омейядский халиф арабов;;
Абдалла ибн Хусейн; 1882; [[король Иордании]];;
Абдукаримов Исатай Абдукаримович; 15.05.1923 ; Председатель Президиума Верховного Совета [[Казахская Советская Социалистическая Республика;; [[КПСС]] 
Абдул Разак Хусейн; 11.03.1922 ; Премьер-министр Малайзии ;; [[Малайская национальная организация]] 
Абаза Николай Саввич; 19.8.1837 (7) ;  [[Рязанская губерния;;
Собянин Сергей Семёнович; 21.6.1958; [[Мэр Москвы]]; {{USSR}} → {{RUS}}; 1) [[Коммунистическая партия Советского Союза
Рокецкий Леонид Юлианович; 15.3.1942; [[губернатор]] [[Тюменская область;; [[КПСС]]<br />[[Наш дом — Россия]]<br />[[Единство (фракция)
Сметанюк Сергей Иванович; 8.06.1962; и. о. [[губернатор]]а [[Тюменская область;; Единая Россия
Киричук Степан Михайлович; 18.5.1949 ;;;  
Меншиков Александр Данилович; 16.11.1673 (6); Генералиссимус морских и сухопутных войск;;
Магомедов Магомедали Магомедович; 15.06.1930 ; [[Главы Дагестана после 1991 года;; [[КПСС]] 
Но Му Хён; 1.09.1946 ; [[Президент Республики Корея]] ;; [[Демократическая партия (Южная Корея)
Кочарян Роберт Седракович; 31.8.1954; [[Президент Армении]];;
Колчак Александр Васильевич; 16.11.1874 (4); [[Верховный правитель;;
Фракции Европейского парламента;;;;
Бауман Николай Эрнестович; 17.5.1873 ;;; [[Российская социал-демократическая рабочая партия
Нарочницкая Наталия Алексеевна; 23.12.1948; Председатель парижского отделения Института демократии и сотрудничества;;
Ющенко Виктор Андреевич; 23.02.1954 ; [[Президент Украины]] ; {{UKR}} ; 1) [[КПСС]] (1977—1991)<br />2) [[Народно-демократическая партия (Украина)
Автономный округ (Россия);;;;
Автономная область (Россия);;;;
Строев Егор Семёнович; 25.02.1937; член [[Совет Федерации;; 1) [[КПСС]], <br />2) [[Единая Россия]]
Птолемей II Филадельф; [[309 год до н. э.; царь [[Эллинистический Египет;;
Александров Александр Данилович; 4.8.1912 (22.7) ; Ректор [[Санкт-Петербургский государственный университет;; [[КПСС]] 
Яимов Игорь Эжерович; 4.10.1957 ; Министр здравоохранения<br />[[Республика Алтай;; [[Единая Россия]] 
Ян III Собеский; 17.08.1629; [[гетман польный коронный]];;
Рыбкин Иван Петрович; 20.10.1946 ; [[Председатель Государственной Думы;; [[КПСС]], [[Аграрная партия России
Зюганов Геннадий Андреевич; 26.6.1944; Председатель [[Коммунистическая партия Российской Федерации (фракция); {{USSR}} → {{RUS}}; [[КПСС]] (с 1966)<br />[[КП РСФСР]] — [[КПРФ]] (с 1990)
Селезнёв Геннадий Николаевич; 6.11.1947 ; [[Председатель Государственной Думы;; [[КПСС]] (до 1991)<br />[[КПРФ]] (1993 — 2002)<br />[[Партия возрождения России
Макаров Александр Сергеевич; 4.1.1946 ; Мэр города [[Томск]]а ;;  
Чампи Карло Адзельо; 9.12.1920; 10-й [[президент Италии]];;
Кресс Виктор Мельхиорович; 16.11.1948; [[Губернатор]] [[Томская область;; [[КПСС]] (1970—1991)<br /> [[Единая Россия]] (2004 — н.в.)
Киров Сергей Миронович; 27.03.1886 (15); [[первый секретарь ЦК КП(б) Азербайджана]];; [[Российская социал-демократическая рабочая партия
Мстислав Мстиславич Удатный; до [[1176 год; [[Список князей Новгородских;;
Маленков Георгий Максимилианович; 8.1.1902 (26.12.1901); [[Председатель Совета Министров СССР]];; [[КПСС]] ([[1920]]—[[1961]], исключён)
Брежнев Леонид Ильич; 19.12.1906 (6); [[генеральный секретарь ЦК КПСС]];; 1) [[ВКП(б)]] (1931—1952)</br>2) [[КПСС]] (с 1952)
Черненко Константин Устинович; 24.09.1911 (11); [[Генеральный секретарь ЦК КПСС]];; [[КПСС]]
Гай Юлий Цезарь; 12.7.-100; [[Диктатор (Древний Рим);;
Дзержинский Феликс Эдмундович; 11.9.1877 (30.8); [[Руководители советских органов госбезопасности;; 1) [[Литовская социал-демократическая партия
Фрунзе Михаил Васильевич;2.2.1885 (21.1);председатель [[Революционный военный совет;;[[РКП(б)]] с [[1904 год]]а
Хакамада Ирина Муцуовна; 13.04.1955 ; [[Заместители Председателя Государственной думы; {{RUS}} ; [[Партия экономической свободы]] (1992-1994),<br />[[Файл:SPS.svg
Саркисов Бабкен Есаевич;  8.12.1913 ; Председатель Президиума Верховного Совета Армянской ССР; {{Флагификация;  [[КПСС]] (1939-1991)
Буш Джордж Уокер; 06.07.1946 ; [[президент США]] ;; [[Республиканская партия США]] 
Витренко Наталья Михайловна; 28.12.1951 ;;; Лидер [[ПСПУ]] 
Тигипко Сергей Леонидович; 13.02.1960; Вице-премьер-министр Украины;; [[Партия регионов]]
Черномырдин Виктор Степанович; 9.4.1938; [[Советник президента Российской Федерации]];; 1) [[КПСС]] <br />2) [[Наш дом — Россия]]
Степашин Сергей Вадимович; 2.3.1952 ; [[Счётная палата Российской Федерации;;       [[Яблоко (партия)
Базилюк Александр Филимонович; 15.03.1942;;; [[Славянская партия Украины
Жириновский Владимир Вольфович; 25.4.1946 ; Председатель [[Либерально-демократическая партия России; {{USSR}} → {{RUS}} ; [[ЛДПСС]] → [[ЛДПР]] 
Абрамович Роман Аркадьевич; 24.10.1966; [[Список депутатов Государственной думы Российской Федерации III созыва;;
Фридрих Вильгельм IV; 15.10.1795; [[Список правителей Пруссии;;
Хаджимба Рауль Джумкович; 21.03.1958; [[Вице-президент Абхазии]];;
Политические партии Израиля;;;;
Оттон I Великий; 23.11.912; [[Список монархов Германии;;
Королёв Сергей Павлович; 12.1.1907 (30.12.1906) ; Главный конструктор [[ОКБ-1]] ; {{Российская империя}} → {{USSR}} ; [[Коммунистическая партия Советского Союза
Косыгин Алексей Николаевич; 8(21).2.1904 ; Член Политбюро ЦК КПСС ;; 1)[[ВКП(б)]] (1927—1952)<br />2)[[КПСС]] (с 1952)
Калинин Михаил Иванович; 19.11.1875 (7); председатель [[Центральный исполнительный комитет СССР;;
Фридрих I Барбаросса; конец [[1122]]; [[король Германии]];;
Жвания Зураб Виссарионович; 9.12.1963 ; [[Премьер-министр Грузии]];;  1) Партия «зеленых» (1989-1993) <br />2) [[Союз граждан Грузии
Шеварднадзе Эдуард Амвросиевич; 25.1.1928; [[Президент Грузии]];; [[КПСС]] ([[1948]]—[[1991]])
Саакашвили Михаил Николозович; 21.12.1967; [[Президент Грузии]];; [[Единое национальное движение]]
Святополк Владимирович Окаянный; ок. [[979]]; [[Великие князья Киевские;;
Тимошенко Юлия Владимировна; 27.11.1960; [[премьер-министр Украины]]; {{UKR}}; [[Блок Юлии Тимошенко]], [[Всеукраинское объединение «Батькивщина»]]
Рогозин Дмитрий Олегович; 21.12.1963; [[Заместитель председателя Правительства Российской Федерации]]; {{USSR}} → {{RUS}}; [[Народная партия Российской Федерации
Грушевский Михаил Сергеевич; 29.9.1866; Председатель Центральной Рады Украинской Народной Республики;;
Лужков Юрий Михайлович; 21.09.1936; [[Мэр Москвы]];; 1) [[КПСС]] (1968—1991)<br />2) [[Отечество — Вся Россия (блок)
Сердюков Анатолий Эдуардович; 8.1.1962; [[Министерство обороны Российской Федерации;;
Примаков Евгений Максимович; 29.10.1929; Директор [[Центральная служба разведки СССР;; [[Коммунистическая партия Советского Союза
Гукасян Аркадий Аршавирович; 22.6.1957 ; [[Президент Нагорно-Карабахской Республики]] ;;  
Лацис Вилис Тенисович; 12.05.1904 ; Председатель Совета Министров (Совета Народных Комиссаров) Латвийской ССР;; [[КПСС]]
Внутренняя политика Украины;;;;
Кинах Анатолий Кириллович; 4.8.1954; [[Премьер-министр Украины]];;
Рыбачук Олег Борисович; 22.04.1958 ; Государственный секретарь Украины ;;  
Томенко Николай Владимирович; 11.12.1964; [[Заместитель Председателя Верховной Рады Украины]];; [[Всеукраинское объединение «Батькивщина»]]
Бессмертный Роман Петрович; 15.11.1965 ; Чрезвычайный и Полномочный Посол Украины в Республике Беларусь ; {{UKR}} ; беспартийный 
Тарасюк Борис Иванович; 1.1.1949; [[Министр иностранных дел Украины]];; [[Всеукраинское объединение «Батькивщина»]]
Гриценко Анатолий Степанович; 25.10.1957; [[Народный депутат Украины]] VI, VII созывов;; беспартийный
Луценко Юрий Витальевич; 14.12.1964; [[Министр внутренних дел Украины]]; {{UKR}}; 1) [[Социалистическая партия Украины
Терёхин Сергей Анатольевич; 29.9.1963; 13-й [[Министр экономики Украины]];; 1) [[Реформы и порядок]] (1997–2005) <br />2) [[Всеукраинское объединение «Батькивщина»]] (с 2011)
Пинзеник Виктор Михайлович; 15.4.1954; [[Министр финансов Украины]]; {{Флагификация; [[Реформы и порядок]] (1997–2010)
Жвания Давид Важаевич; 20.7.1967; Глава Комитета Верховной Рады Украины по вопросам государственного строительства и местного самоуправления <ref>[http://zakon2.rada.gov.ua/laws/show/11-18 Про комітети Верховної Ради України сьомого скликання; Верховна Рада України; Постанова від 25.12.2012 № 11-VII] </ref>;;
Внешняя политика Украины;;;;
Скотти Людвиг Дерангадаге; 20.06.1948 ; [[Премьер-министр Науру]] ;;
Государственное устройство Израиля;;;;
Эйзенхауэр Дуайт Дэвид; 14.10.1890; [[Президент США]]     ;; [[Республиканская партия США]]
Листьев Владислав Николаевич; 10.05.1956; 1-й генеральный директор [[Первый канал (Россия);;
Айкуни Гурген Саркисович; 1889 ; Народный комиссар по делам национальностей [[Северо-Кавказская Советская Республика;;
Масхадов Аслан Алиевич; 21.09.1951; [[Главы Чечни после 1991 года;;
Список премьер-министров Фиджи;;;;
Кужель Александра Владимировна; 4.7.1953; Председатель Комитета Верховной Рады Украины по вопросам предпринимательства, регуляторной и антимонопольной политики; {{UKR}}; беспартийная
Добровольский Алексей Александрович; 13.10.1938;;; 
Антиох IV Эпифан; -215 ; Царь [[Государство Селевкидов;;
Сабуров Максим Захарович; 19.2.1900 (7); Первый заместитель Председателя Совета Министров СССР;; [[ВКП(б)]] с 1917 года.
Бисмарк Отто фон; 1.04.1815; [[рейхсканцлер]] [[Германская империя; [[Файл:Flag of the Kingdom of Prussia (1803-1892).svg;
Александр IV Македонский; -323; [[Македонские цари;;
Птолемей I Сотер; около [[367 год до н. э.; царь [[Эллинистический Египет;;
Акаев Аскар Акаевич; 10.11.1944; [[Президент Киргизии]];; [[Алга, Кыргызстан!]]
Хасдай ибн Шапрут; 915;;;
Бегалиев Сопубек Бегалиевич; 29.03.1931; государственный и общественный деятель [[Киргизия;;
Кокойты Эдуард Джабеевич; 31.10.1964 ; [[Президент Южной Осетии;; Юго-Осетинская Республиканская политическая партия "Единство" 
Орджоникидзе Григорий Константинович; 24.10.1886 (12.10); Член [[Политбюро ЦК ВКП(б)]];; [[РСДРП(б)]] с 1903 года
Константин I Великий; 27.2.272; [[Римский император]]      ;;
Жуков Георгий Константинович;1.12.1896 (19.11);[[Главы военного ведомства СССР;;[[Коммунистическая партия Советского Союза
Марк Лициний Красс; [[115 год до н. э.; ;; 
Евгения (императрица Франции); 5.5.1826; [[королева Франции;;
Стрешнева Евдокия Лукьяновна; 1608 ; [[Список супругов российских правителей;;
Лопухина Евдокия Фёдоровна; 10.7.1669 (30.6) ; [[Список супругов российских правителей;;
Магнус (король Ливонии); 26.8.1540; король [[Ливонское королевство;;
Морозов Сергей Иванович; 6.9.1959 ; Губернатор Ульяновской области ;;  
Жаботинский Владимир Евгеньевич; 18.10.1880 (6);;;
Кулов Феликс Шаршенбаевич; 29.10.1948; Премьер-министр Киргизии;; [[Ар-Намыс]] (с 1999)
Бакиев Курманбек Салиевич; 1.08.1949; [[президент Киргизии]]; {{Флаг Белоруссии; «[[Народное движение Кыргызстана]]» (с 2004)
Отунбаева Роза Исаковна; 23.8.1950; [[Список президентов Киргизии;; беспартийная
Жакиянов Галымжан Бадылжанович; 8.05.1963 ; [[Аким (чин);;
Старовойтова Галина Васильевна; 17.5.1946;;;
Фёдор III Алексеевич; 9.6.1661 (30.5); [[Русское царство;;
Берия Лаврентий Павлович; 29.3.1899(17); [[Государственный комитет обороны;; [[Российская социал-демократическая рабочая партия (большевиков)
Явлинский Григорий Алексеевич; 10.4.1952; Руководитель фракции [[Яблоко (фракция);; [[КПСС]] ([[1985]]—[[1991]]) <br />[[Яблоко (партия)
Громыко Андрей Андреевич; 18.7.1909 (5); [[Председатель Президиума Верховного Совета СССР]];; [[КПСС]] (с [[1931]])
Державин Гавриил Романович; 14.7.1743(3) ; 11-й [[Генерал-прокурор;;
Ипатов Павел Леонидович; 12.4.1950; [[губернатор]] [[Саратовская область;; [[Единая Россия]]
Танаев Николай Тимофеевич; 5.11.1945; Премьер-министр Киргизии;; 
Шереметев Борис Петрович; 05.05.1652 (25.04) ;;;
Шевелёв Андрей Владимирович; 24.5.1970 ; [[Губернатор]] [[Тверская область;; [[Единая Россия]] 
Лиманский Георгий Сергеевич; 27.5.1950; [[Руководители Самары;;
Масляков Виктор Николаевич; 9.2.1960; руководитель [[Федеральное агентство лесного хозяйства России;; «Единая Россия»
Желябужский Иван Афанасьевич; 1638 ;  ;;
Жерве Пётр Карлович;  ; попечитель [[Харьковский учебный округ;;
Василий IV Шуйский; 1552 ; [[Русское царство;;
Герлах Этьен Константин;1785; 1-й [[Премьер-министр Бельгии]];; Католическая
Горегляд Алексей Адамович; 30.3.1905 (17.3); [[Список министров промышленности России#Министерство судостроительной промышленности СССР;; [[ВКП(б)]] с 1930 года
Никонов Вячеслав Алексеевич; 5.6.1956; депутат [[Государственная дума Федерального собрания Российской Федерации VI созыва; {{USSR}}→{{RUS}}; 1) [[Коммунистическая партия Советского Союза
Жилинский Иосиф Ипполитович;  20.04.1834; ;;  
Густав II Адольф; 9.12.1594; король Швеции, Готов и Вендов;;
Густав I Васа; 12.05.1496 ; [[король Швеции]], Готов и Вендов;;
Мария Терезия Испанская; 10.9.1638; [[Королева Франции;;
Позгалёв Вячеслав Евгеньевич; 15.11.1946 ; Депутат [[Государственная дума;; [[Коммунистическая партия Советского Союза
Генрих II Плантагенет; 5.3.1133; [[король Англии]] ;;
Новосильцев Николай Николаевич; 1761 ; [[Премьер-министры России;;
Владимир Всеволодович Мономах; 26.5.1053 ; [[Князь черниговский]] ;;
Аль-Мутамид ибн Аббад; 1040; [[Эмир Севильи]];;
Витте Сергей Юльевич;  29.6.1849 (17); [[Премьер-министры России;;  
Булганин Николай Александрович; 11.6.1895 (30.5); Член [[Политбюро ЦК КПСС;; [[КПСС]] (с 1917)
Генрих де Жуайез; 21.9.1561;  [[Жуайезы;;
Михайловский Михаил Алексеевич; 21.4.1947 ;  председатель [[Государственный Совет Чувашской Республики;;
Жуковский Степан Михайлович; 1818; [[Статс-секретарь]] [[Александр II;;
Гапликов Сергей Анатольевич; 29.4.1970; заместитель руководителя аппарата Правительства Российской Федерации;;
Набоков Владимир Дмитриевич; 8.07.1869 (21);;; [[Конституционно-демократическая партия]]
Ваджпаи Атал Бихари; 25.12.1924; [[Премьер-министр Индии]];; [[Бхаратия джаната парти]]
Забела Пётр Михайлович; 1580;  [[Борзнянский полк]]овник ;;
Родзянко Михаил Владимирович; 21.02.1859 (9); [[Председатель Государственной думы Российской империи]];; [[Союз 17 октября]]
Заберезинский Ян Юрьевич; 1440 ; [[Каштеляны трокские;;
Бразаускас Альгирдас Миколас; 22.09.1932; 30-й [[Премьер-министры Литвы;;
Флориан (римский император); ; [[Римский император]];;
Залеский Владислав Францевич; 11.2.1861(30.1);;; [[Казанское Царско-народное русское общество
Виктория (королева Великобритании); 24.5.1819; королева [[Соединённое королевство Великобритании и Ирландии;;
Муравьёв-Виленский Михаил Николаевич; 12.10.1796(1) ; [[Литовское генерал-губернаторство;;
Залуский Анджей Хризостом; 1650 ; [[канцлер великий коронный]] ;; <!-- политическая партия --> 
Александр Ярославич Невский; 13.05.1221 ; [[Князь новгородский]] ;;
Поливанов Алексей Андреевич; 16.03.1855; [[Военное министерство Российской империи;;
Коковцов Владимир Николаевич; 18.4.1853 (6); [[Премьер-министры России;;
Мамсуров Таймураз Дзамбекович; 13.04.1954; Глава [[Республика Северная Осетия — Алания;;  [[Единая Россия]]
Людовик I Благочестивый; 16.04.778; [[император Запада]];;
Людовик II Заика; 1.11.846; [[король Франции;;
Людовик IV Заморский; [[10 сентября]] [[920]] или [[921]] г. ;;;
Лотарь (король Франции); конец {{датаРождения; [[Список королей Франции;;
Ярослав Владимирович Мудрый; ок. 978<ref name; [[Князь новгородский]] ;;
Збаражский Стефан Андреевич; около 1518  ; [[Воеводы витебские;;
Аяцков Дмитрий Фёдорович; 9.11.1950; [[губернатор]] [[Саратовская область;; 
Климова Наталья Сергеевна; 30.09.1885;;;  [[Партия социалистов-революционеров]]
Дзасохов Александр Сергеевич; 3.4.1934; Чрезвычайный и Полномочный Посол СССР в Сирии;;  [[КПСС]]
Плеве Вячеслав Константинович;  20.04.1846 (8); [[Министры внутренних дел России;;
Ольга (княгиня Киевская); ок. 890; [[Великие князья Киевские;;
Мусевени Йовери Кагута; 15.08.1944 ; [[Президент Уганды]];; 
Луций Корнелий Сулла; −138; Бессрочный [[Диктатор (Древний Рим);;
Матвеев Артамон Сергеевич; 1625 ; Управляющий [[Посольский приказ;;
Меншиков Александр Сергеевич; 26.08.1787 (15.08) ; [[Генерал-губернатор Финляндии]] ;;
Аслаханов Асламбек Ахмедович; 11.3.1942;;;
Филипп II Август; 21.8.1165; [[король Франции]];;
Филипп III Смелый; 30.4.1245; [[король Франции]];;
Яблоков Алексей Владимирович; 3.10.1933 ; председатель Межведомственной комиссии [[Совет безопасности Российской Федерации; {{Флагификация; [[Яблоко (партия)
Секст Аврелий Виктор;;  [[Префект города Рима]] в [[389 год]]у;;
Зенгер Григорий Эдуардович; 25.03.1853; [[Министерство народного просвещения Российской империи;;
Земовит IV Плоцкий; 1352 ; Князь [[плоцк]]ий ;;
Тихомиров Лев Александрович; 31.01.1852 (19);;;
Зенович Криштоф Юрьевич; около [[1540 год]]а ; [[Воеводы берестейские;;
Имад ад-Дин Занги; 1087; [[Список правителей Мосула;;
Врангель Пётр Николаевич; 27.8.1878 (15) ; Председатель [[Русский совет;;
Горчаков Александр Михайлович; 15.6.1798 (4); [[Министры иностранных дел России;;
Дмитрий Иванович Донской; 12.10.1350; [[Князь Московский]];;
Вильгельм I Завоеватель; ок. [[1027]]/[[1028]]; [[король Англии]] ;;
Чубайс Анатолий Борисович; 16.6.1955; Первый [[Заместитель председателя правительства Российской Федерации]];; [[КПСС]] (1980 (или 1977) — 1991)<br />[[Демократический выбор России]] (1994—1995, 1996—2001)<br />[[СПС]] (2001—2008) <br />[[Правое дело (партия)
Нессельроде Карл Васильевич; 13.12.1780(2); [[Министры иностранных дел России;;
Харлем Брунтланн Гру; 20.4.1939 ; [[Список премьер-министров Норвегии;; [[Норвежская рабочая партия]] 
Эдгар (король Англии); 943; [[Король Англии]];;
Меттерних Клеменс фон; 15.05.1773; [[Министр иностранных дел Австрийской империи и Австро-Венгрии;;
Горбачёва Раиса Максимовна; 5.1.1932 ;; {{Флагификация;
Внешняя политика России;;;;
Акбар I Великий; 14.10.1542 ; [[Падишах]] <br />[[Империя Великих Моголов;;
Бугаев Борис Павлович; 29.07.1923; [[Министерство гражданской авиации СССР;; [[ВКП(б)]] с [[1946 год]]а.
Василий I Дмитриевич; 30.12.1371 ; [[Князь Московский]] ;;
Штюрмер Борис Владимирович;  27.07.1848 (15); [[Новгородская губерния;;  
Адамс Джон (президент); 30.10.1735 ; [[Президент США]] ;; [[Федералистская партия (США)
Дмитрий Юрьевич Шемяка; между [[1400]] и [[1422]]; [[Список князей Московских;;
Фёдор I Иоаннович; 11.05.1557; [[Царство Русское;;
Фёдор II Годунов; 1589; [[Русское царство;;
Карл XVI Густав; 30.04.1946; [[Король Швеции]];;
Румянцев Александр Иванович; 1680 ; [[Астраханская губерния;;
Бутурлин Александр Борисович; 28.07.1694 (18) ; [[Московские губернаторы 1709-1917;;  
Бестужев-Рюмин Алексей Петрович; 1693 ; президент [[Коллегия иностранных дел;;
Остерман Андрей Иванович; 9.6.1687 ; [[Вице-канцлер]] ;;
Брюс Яков Вилимович; 1669; Президент [[Берг-коллегия;;
Митрохин Сергей Сергеевич; 20.05.1963;;; [[Яблоко (партия)
Большеданов Павел Владимирович; 16.06.1956; Депутат Саратовской областной думы;; [[Единая Россия]]
Власов Андрей Андреевич; 14.9.1901 (1); Председатель Президиума [[Комитет освобождения народов России;;
Ле Пен Жан-Мари; 20.06.1928;;; [[Национальный фронт (Франция)
Веллингтон Артур Уэлсли; 01.05.1769; 25-й [[Премьер-министр Великобритании]];; [[Тори]]
Назарбаев Нурсултан Абишевич; 6.7.1940; 1-й [[Президент Казахстана]];; [[КПСС]] (1962—1991) <br />[[Народно-демократическая партия «Нур Отан»]]
Цалабан Трофим Матвеевич; 1774 ;  ;;
Зоя (византийская императрица); ок. [[978]] ; [[Византийский император;;
Цанков Драган Киряков; 9.11.1828; [[Председатель Совета Министров Болгарии]];; [[Либералная партия (Болгария)
Якоб (герцог Курляндии); 28.10.1610; [[Курляндия и Семигалия;;
Зубов Платон Александрович; 26.11.1767 (15) ; Шеф [[Первый кадетский корпус (Санкт-Петербург);;
Якоба (графиня Геннегау); 16.8.1401; графиня [[Геннегау]];;
Ибрагим (казанский хан);; [[Казанское ханство;;
Иванчин-Писарев Александр Иванович; 1849;;; [[Народная воля]], [[народник]]и
Иващенко Иван Самойлович; 1851;;; [[Союз 17 октября]] 
Измайлов Иван Петрович; 1667 ; [[Астраханская губерния;;
Икономов Тодор Поппетров; 10.9.1835 ;  ;;
Тихонов Николай Александрович; 14.5.1905 (1.5); Член [[Политбюро ЦК КПСС]];; [[КПСС]] (с 1940)
Аракчеев Алексей Андреевич; 4.10.1769 (23.9) ; Военный министр Российской империи ;;
Бантыш-Каменский Дмитрий Николаевич; 16.11.1788 (5); [[Тобольская губерния;;
Птолемей XV Цезарион;  23.06.-47; [[Эллинистический Египет;;
Задорнов Михаил Михайлович; 4.5.1963; [[Министерство финансов Российской Федерации;;
Игнатьев Алексей Павлович; 3.6.1842 (22.5); член [[Государственный совет Российской империи;;
Норткот Стаффорд Генри;27.10.1818;Министр торговли;; [[Консервативная партия (Великобритания)
Ходкевич Григорий Александрович; около 1513 ; [[Польный гетман литовский]] ;;
Аллен Джордж (политик); 08.03.1952 ; [[Сенат США;; [[Республиканская партия (США)
Джонсон Тимоти Питер; 28.12.1946; [[Сенат США;; [[Демократическая партия США]]
Луций Тарквиний Приск;  ; [[древнеримские цари;;
Иоганн Георг III; 20.06.1647 ; [[курфюрст]] [[Саксония (курфюршество);;  
Иоганн Георг IV; 18.10.1668 ; [[курфюрст]] [[Саксония (курфюршество);;  
Иоанн IV Ласкарис; 25.12.1250; [[Никейская империя;;
Жан III д’Альбре; 1469 ; [[король Наварры]] ;;
Шемякин Иван Дмитриевич; до 1446; князь Новгород-Северский и Рыльский;;
Иван Иванович Коротопол; ; [[Князь рязанский]];;
Иван Иванович (царевич); 26.04.1554 ; [[Список русских царевичей;;
Иван Михайлович (царевич); {{СС2; [[список русских царевичей;;
Иоганн (маркграф Бранденбург-Кюстрина); 3.8.1513 ; маркграф Бранденбург-Кюстринский ;;
Глинская Елена Васильевна; 1508; [[великий князь московский;;
Менгли I Герай; 1445; [[Список ханов Крыма;;
Янус (король Кипра); 1375; [[Король Иерусалима]], [[Король Кипра;;
Хуана I Безумная; 6.11.1479; королева [[Кастилия и Леон (королевство);;
Иоанн (римский император); ; [[Римский император]];;
Иоганн-Казимир (герцог Саксен-Кобурга); 12.6.1564 ; [[герцог]] [[Саксен-Кобург]]а ;;
Иоганн-Фридрих II Средний; 8.1.1529 ; герцог Саксонии<ref name;;
Иоахим II Гектор; 13.1.1505 ; [[курфюрст Бранденбурга]] ;;
Иоахим I Нестор; 21.2.1484 ; [[курфюрст Бранденбурга]] ;;
Годунова Ирина Фёдоровна; 1557; Царица [[Русское царство;;
Ирина (византийская императрица); ок. [[752 год]]а; [[Византийские императоры;;
Исаак I Комнин; ок. [[1005]]; [[Византийский император]];;
Исаак II Ангел; сентябрь [[1156]]; [[Византийские императоры;;
Милорадович Михаил Андреевич; 12.10.1771 (1); [[Градоначальники Санкт-Петербурга;;
Ислям II Герай; ; [[Список ханов Крыма;;
Ислям I Герай; ?; [[Список ханов Крыма;;
Есим-хан (Казахское ханство); 1565; [[Казахское ханство;;
Ябек Сёрен Педерсен; 01.04.1814;;; [[Либеральная партия Норвегии]]
Михаил VIII Палеолог; 1224; [[Никейская империя;;
Абаза Алексей Михайлович; 1853 ;  ;;
Карл XIV Юхан; 26.01.1763; [[Король Швеции;;
Каменский Михаил Федотович; 19.5.1738 (8) ; [[Санкт-Петербургское генерал-губернаторство;;
Васильчиков Илларион Васильевич; 1776; [[Премьер-министры России;;
Фриновский Михаил Петрович; 7.2.1898 (26.1) ; народный комиссар Военно-Морского Флота СССР ;; [[Коммунистическая партия Советского Союза
Маннергейм Карл Густав; 10.08.1797; [[Выборгская губерния;;
Прунскене Казимира Дануте; 26.02.1943; 19-й [[Премьер-министры Литвы;; Женская партия Литвы (1995—1998)<br />Партия новой демократии / Женская (1998—2000)<br />Партия новой демократии (2000—2001)<br />Союза партий крестьян и новой демократии (2001—2009)<br />Литовский народный союз (с 2009)
Палецкис Юстас Игнович; 22.1.1899 (10); [[Премьер-министр Литвы;; [[КПСС]]
Аппий Клавдий Цек; -340; [[Консул (Древний Рим);;
Гней Юлий Агрикола; 13.6.40 ; [[Консул-суффект]];;
Вышинский Андрей Януарьевич; 10.12.1883 (28.11); [[министр иностранных дел СССР]];; меньшевик с 1903 года, член [[РКП(б)]] с 1920 года
Мария Александровна (императрица); 8.8.1824 (27.7); [[Список супругов российских правителей;;
Цицианов Павел Дмитриевич; 19.9.1754(8) ; [[Генерал-губернатор]] [[Астраханская губерния;;  
Радек Карл Бернгардович; 31.10.1885;;;
Ропп Эдвард фон; 2.12.1851;;; [[Конституционно-католическая партия]]
Йост (король Германии); 29.01.1351 ; [[Король Германии]] ;;
Газы II Герай; 1551; [[Список ханов Крыма;;
Газы I Герай; 1504; [[Список ханов Крыма;;
Касим-хан (Касимовское ханство); ?; [[касимовский правитель]];;
Каллаи Беньямин фон; 22.12.1839; Министр финансов Австро-Венгрии;; 
Коломан I Асень; 1234; царь [[Второе Болгарское царство;;
Коломан II Асень; ; царь [[Второе Болгарское царство;;
Калнышевский Пётр Иванович; 1691; [[Кошевой атаман]];;
Камбон Пьер Жозеф; 10.6.1754 ; [[Список председателей Национального конвента Франции;;
Каневаро Феличе Наполеоне; 7.7.1838 ; [[Министр иностранных дел Италии; {{Флагификация;
Капцевич Пётр Михайлович; 1772 ; [[Западно-Сибирское генерал-губернаторство;;
Карл II Анжуйский; 1248;  [[Список правителей Неаполитанского королевства;;
Карл IV Красивый; 18.06.1294; [[король Франции]];;
Карл Александр Саксен-Веймар-Эйзенахский; 28.06.1818 ; 3-ий Великий герцог Саксен-Веймар-Эйзенахский ;;
Карл Фридрих Саксен-Веймар-Эйзенахский; 2.02.1783 ; 2-й великий герцог Саксен-Веймар-Эйзенахский ;;
Карнеев Егор Васильевич; 1773; Директор [[Департамент горных и соляных дел;;
Генриетта Каролина Пфальц-Биркенфельдская; 9.3.1721 ; принцесса Пфальц-Биркенфельдская <br />ландграфиня Гессен-Дармштадтская ;;
Карпентье Питер де; 1586; [[Список генерал-губернаторов Голландской Ост-Индии;; 
Касерес Андрес Авелино; 10.11.1821 ; и.о. [[президент Перу;;
Кассо Лев Аристидович; 18.06.1865 (2); [[Министерство народного просвещения Российской империи;;
Каханов Михаил Семёнович; 13.11.1833 (1) ; [[Псковская губерния;;
Квинт Лутаций Катул; ;;;
Качка Гавриил Симонович; 1739; Директор [[Горный департамент;;
Георг герцог Кембриджский; 26.03.1819 ; [[Герцог Кембриджский]], [[граф (титул);;
Керзон Джордж Натаниэл; 11.1.1859; [[Министр иностранных дел Великобритании]];;
Киселёв Николай Дмитриевич; 24.4.1800 ;;;
Клеарх (ученик Платона); ок. 409 года до н.э. ; тиран [[Гераклея Понтийская;;
Клеменц Дмитрий Александрович; 14.12.1847;;; 
Палецкис Юстас Винцас; 1.1.1942;;;[[Социал-демократическая партия Литвы]]
Чарторыйский Адам Ежи; 14.1.1770; Министр иностранных дел;;
Винрих фон Книпроде; около [[1310]]; [[Великие магистры Тевтонского ордена;;
Коваленский Михаил Иванович; 27.2.1745 (16) ; [[Рязанская губерния;;
Трутнев Юрий Петрович; 1.3.1956 ; [[Заместитель председателя Правительства Российской Федерации;; [[Единая Россия]] 
Чиркунов Олег Анатольевич; 15.11.1958 ; [[Губернатор Пермского края]] ;;
Педру герцог Коимбры; 9.12.1392; регент Португалии;;
Конде Луи-Анри-Жозеф Бурбон; 13.04.1756 ; принц Конде ;;
Артур герцог Коннаутский; 1.5.1850 ; Герцог Коннаутский и Страхарнский ;;
Конрад (маркграф Монферратский); ок. [[1145]]; [[Короли Иерусалима;;
Константин III Ираклий; 3.05.612; [[Византийские императоры;;
Яшин Илья Валерьевич; 29.6.1983;;; «[[Яблоко (партия)
Иваненко Сергей Викторович; 12.01.1959;;; [[Яблоко (партия)
Лукин Владимир Петрович; 13.7.1937 ; [[Уполномоченный по правам человека в Российской Федерации]] ;; [[Коммунистическая партия Советского Союза
Корф Иоганн Альбрехт; 30.11.1697 ; [[Список президентов Российской академии наук;; <!-- политическая партия --> 
Епуряну Манолаке Костаке; 22.8.1823 ; [[премьер-министр Румынии]];; [[Румынская коммунистическая партия]]
Борщёв Валерий Васильевич; 1.2.1943; Депутат [[Моссовет]]а;; [[Яблоко (партия)
Бородин Павел Павлович; 25.10.1946; Государственный секретарь [[Союзное государство;;
Евдокимов Михаил Сергеевич; 6.12.1957; 4-й [[Глава администрации]] ([[губернатор]]) [[Алтайский край;; [[Аграрная партия России]]
Артемьев Игорь Юрьевич; 27.11.1961 ; Руководитель [[Федеральная антимонопольная служба;; [[Файл:Логотип Яблоко.svg
Цариковский Андрей Юрьевич; 26.04.1963;;; 
Шанцев Валерий Павлинович; 29.06.1947; [[Губернатор Нижегородской области]]; {{USSR}} → {{RUS}}; [[КПСС]] <br />[[КПРФ]] <br />[[Единая Россия]]
Похмелкин Виктор Валерьевич; 3.2.1960;;; 
Березовский Борис Абрамович; 23.1.1946; [[Список депутатов Государственной думы Российской Федерации III созыва;;
Ушаков Андрей Иванович; 1672; начальник [[Тайная канцелярия;;
Мстислав Владимирович Великий; 1.6.1076; [[Князь новгородский]];;
Кочубей Василий Викторович; 13.01.1812 ; ;;
Кошелев Родион Александрович; 31.5.1749 ; Член Государственного совета ;;
Фёдор Андреевич Кошка;  ; боярин ;;
Азарова Надежда Борисовна; 2.12.1956;;; [[Единая Россия]]
Шершунов Виктор Андреевич; 16.11.1950 ;;; [[КПРФ]] → [[Единая Россия]] 
Влад III Цепеш; 1431 ; [[Список господарей Валахии;;
Ахмад Шах Масуд; 1.9.1953; Министр обороны Афганистана;;
Мазепа Иван Степанович; 20.3.1639;[[Гетман Войска Запорожского;;
Радзивилл Януш (гетман); 2.12.1612; [[Гетман великий литовский]];;
Самойлович Иван Самойлович; ?; [[Гетман]] [[Войско Запорожское;;
Сомко Яким Семёнович; ранее 1619; [[Наказной гетман]]<br/>[[Войско Запорожское;;
Выговский Иван Евстафьевич; ок. 1608; [[Гетман]] [[Войско Запорожское;;
Петлюра Симон Васильевич; 22.5.1879 (10); [[Председатель]] [[Директория Украинской Народной Республики;; 1) [[Революционная украинская партия]] ([[1900]]—[[1905]]) <br />2) [[Украинская социал-демократическая рабочая партия]] ([[1905]]—[[1920]])}}'''Семён Васи́льевич Петлю́ра''' ({{lang-uk
Разумовский Кирилл Григорьевич; 29.03.1728 (18); [[Список гетманов Украины;;
Струве Пётр Бернгардович; 7.2.1870 (26.1);;; [[Конституционно-демократическая партия]]
Скоропадский Павел Петрович; 15.05.1873 (3); [[Гетман Украины;;
Скоропадский Иван Ильич; 1646; [[Гетман]] [[Войско Запорожское;;
Иоанн I Цимисхий; ок. {{дата рождения; [[Византийский император]];;
Швыдкой Михаил Ефимович; 5.9.1948 ; [[Министерство культуры Российской Федерации;;
Эрнст (курфюрст Саксонии); 24.03.1441 ; [[Список правителей Саксонии#Курфюрсты Саксонии;;
Кириенко Сергей Владиленович; 26.07.1962 ; [[Председатель Правительства Российской Федерации]] ;;
Клебанов Илья Иосифович; 7.05.1951 ; 2-й [[Министерство промышленности, науки и технологий Российской Федерации;;
Медведев Дмитрий Анатольевич; 14.09.1965 ; [[председатель Правительства Российской Федерации]]; {{USSR}} → {{RUS}} ; [[Коммунистическая партия Советского Союза
Сурков Владислав Юрьевич; 21.9.1964; [[Помощник президента Российской Федерации]];;
Сечин Игорь Иванович; 7.09.1960 ; [[Заместитель Председателя Правительства Российской Федерации]] ;;
Абрамов Александр Сергеевич; 10.02.1957 ; [[Советник президента Российской Федерации]] ;;  
Беглов Александр Дмитриевич; 19.05.1956; [[Полномочный представитель президента Российской Федерации в федеральном округе;; [[Единая Россия]]
Брычёва Лариса Игоревна; 26.5.1957; [[Управления администрации Президента Российской Федерации;;
Громов Алексей Алексеевич; 31.5.1960;;;
Лихачёв Иван Алексеевич; 15.6.1896 (3); Народный комиссар среднего машиностроения СССР;; [[РКП(б)]] с 1917 года
Мехмед Эмин Аали-паша; 5.03.1815; [[Великий визирь]] [[Османская империя;; 
Гусев Владимир Кузьмич; 19.04.1932; Заместитель Председателя Совета Министров СССР;; [[КПСС]] с 1963 года
Филипп I Орлеанский; 21.9.1640; [[Список герцогов Орлеанских;;
Панкин Борис Дмитриевич; 20.2.1931 ; [[Министерство иностранных дел СССР;; [[Коммунистическая партия Советского Союза
Аббас I Хильми; 10.11.1813 ; [[Хедив]] [[Египет;;
Сердюков Валерий Павлович; 9.11.1945; [[Губернатор Ленинградской области]];; «[[Единая Россия]]»
Альберт (король Саксонии); 23.4.1828; 5-й [[король Саксонии]];; 
Георг (король Саксонии); 23.8.1832; 6-й [[король Саксонии]];;
Тамара (царица Грузии); 1166 ; [[Файл:QueenTamarFlag.svg;;
Карлин Александр Богданович; 29.10.1951 ; 5-й [[Губернатор]] [[Алтайский край; {{USSR}} → {{RUS}}; [[Единая Россия]] (с [[2007 год
Баррозу Жозе Мануэл; 23.03.1956; [[Председатель Европейской комиссии]];;  [[Социал-демократическая партия Португалии
Гайдар Егор Тимурович; 19.03.1956; [[Заместитель председателя Правительства Российской Федерации;; 1) [[КПСС]] ([[1980]]—[[1991]])<br />2) [[Демократический выбор России
Ковалёв Николай Дмитриевич; 6.8.1949; [[Федеральная служба безопасности Российской Федерации;;
Мулай Абд ар-Рахман; 1778 ; Султан Марокко;;
Абдур-Рахман (эмир Афганистана); 1844; [[эмир]] [[Эмират Афганистан;;
Фридрих Вильгельм III; 3.8.1770; [[Список правителей Пруссии;;
Теодемир (король остготов); ; [[Список королей остготов;;
Абердин Джордж Гамильтон-Гордон; 28.01.1784; 34-й [[премьер-министр Великобритании]];; [[Тори (партия)
Антиох III Великий; −241; Царь [[Империя Селевкидов;;
Сусило Бамбанг Юдойоно;9.9.1949 ;[[Президент Индонезии]] ;;[[Демократическая партия (Индонезия)
Козырев Андрей Владимирович; 27.3.1951; [[Министерство иностранных дел России;; [[КПСС]] (1975—1991)
Шаймиев Минтимер Шарипович; 20.1.1937; Государственный советник Республики Татарстан;; 1) [[КПСС]] <br />2) [[Наш дом — Россия
Балакин Виктор Васильевич; 26.04.1947; [[Министр общественной безопасности]] [[Удмуртия;;  1. [[КПСС]] <br /> 2. [[Единая Россия]]
Тишанин Александр Георгиевич; 20.04.1966; [[Губернатор Иркутской области]];; 
Ельцина Наина Иосифовна; 14.03.1932 ;;; 
Ехануров Юрий Иванович; 23.08.1948; [[Премьер-министр Украины]];;
Димитров Георгий Михайлович; 18.06.1882; [[Генеральный секретарь ЦК БКП]];; [[Болгарская коммунистическая партия
Андрей Юрьевич Боголюбский; ок. [[1111]]; [[Список князей Владимирских;;
Горбачёв Тимофей Фёдорович; 6.7.1900 (23.6) ; Заместитель председателя [[СО АН СССР;; [[ВКП(б)]] / [[КПСС]] 
Ирод I Великий;  -73; [[Царь Иудеи]];;
Шастри Лал Бахадур; 02.10.1904; [[Премьер-министр Индии]];; 
Зотов Борис Иванович; 3.6.1941;;; [[Единая Россия]]
Франц Иосиф I; 18.8.1830;;;
Николаев Владимир Викторович; 10.10.1973; 5-й [[Глава администрации]] ([[мэр]]) [[Владивосток]]а;;
Акимов Михаил Григорьевич; 20.11.1847 (8) ; председатель [[Государственный совет Российской империи;; <!-- политическая партия --> 
Кларк Хелен Элизабет; 26.02.1950; [[премьер-министр Новой Зеландии]];; [[Лейбористская партия Новой Зеландии
Уваров Сергей Семёнович; 5.9.1786 (25.8); [[Министерство народного просвещения Российской империи;;
Малиновский Родион Яковлевич; 22.11.1898 ; [[Главы военного ведомства СССР;; [[КПСС]]
Деникин Антон Иванович; 16.12.1872 (4); Временно исполняющий обязанности ;
Нестеренко Татьяна Геннадьевна; 5.8.1959 ; Заместитель министра финансов Российской Федерации — начальник Главного управления федерального казначейства [[Минфин РФ;;
Каменев Лев Борисович; 18.7.1883 (6); Член [[Политбюро ЦК ВКП(б)]];;
Собчак Анатолий Александрович; 10.8.1937 ; [[мэр Санкт-Петербурга]] ;; [[КПСС]]<br />(1988—1990 год),<br /> [[Наш дом — Россия]] <br /> (с 1996 года). 
Родс Сесиль Джон; 5.07.1853; [[Премьер-министр Капской колонии]];;
Балашов Пётр Николаевич; 2.11.1871 ;;; [[Всероссийский национальный союз]] 
Михаил Ярославич Хоробрит; ; [[Список князей Московских;;
Каллистратов Мелетий Архипович; 15.5.1896 ; Депутат [[Сейм Латвии;; Русская трудовая крестьянская партия 
Роберт III д’Артуа; 1287; сеньор [[Конш]]а, [[Нонанкур]]а и [[Домфрон]]а;;
Хирси Айаан Али; 13.12.1969 ;;;  
Барк Пётр Львович; 6.04.1869; [[Список министров финансов Российской империи;;
Безак Фёдор Николаевич; 21.9.1865;;; [[Всероссийский национальный союз]]
Кампенгаузен Балтазар Балтазарович; 5.01.1772; [[Государственные контролёры Российской империи;;
Белецкий Степан Петрович; 1873; ;; [[Русское собрание]]
Крейтмайр Алоис Вигулий;  ; [[Министр-президент Баварии;;  
Крушеван Павел Александрович; 27.01.1860 (15);;; [[Союз русского народа]]
Куза Александру Иоан; 20.3.1820 (8); Князь [[Объединённое княжество Валахии и Молдавии;;
Ардзинба Владислав Григорьевич; 14.05.1945; [[Президент Абхазии]];; [[КПСС]]
Гамсахурдия Звиад Константинович; 31.03.1939; [[Президент Грузии]];;
Василий Дмитриевич Кирдяпа; ; Князь Суздальский;;
Нарышкин Сергей Евгеньевич; 27.10.1954 ; [[Председатель Государственной Думы; {{флагификация; [[Единая Россия]] 
Куломзин Анатолий Николаевич; 3.01.1838 ; Член Государственного совета Российской империи ;;
Милли Филипп де; 1120 ; [[:fr:Seigneurie de Naplouse;;
Касьянов Михаил Михайлович; 8.12.1957; Сопредседатель «[[Республиканская партия России — Партия народной свободы;; [[Республиканская партия России — Партия народной свободы]]
Гаррисон Уильям Генри; 09.02.1773; [[президент США]];; [[Партия Вигов США]]
Бобринский Алексей Александрович; 19.5.1852; [[Правительствующий сенат;;
Юрий Владимирович Долгорукий; [[1090-е]] годы; [[Список князей Владимирских;;
Владислав I Локетек; [[3 марта]] [[1260]] или [[19 января]] [[1261]]; [[Список правителей Польши;;
Дарькин Сергей Михайлович; 09.12.1963 ; [[Министерство регионального развития Российской Федерации;;
Туполев Андрей Николаевич; 10.11.1888 (29.10) ; Генеральный конструктор [[авиационная промышленность;; [[КПСС]] 
Бочкарёв Василий Кузьмич; 29.4.1949; глава администрации Пензенской области;; [[Единая Россия]]
Административное деление Румынии;;;;
Богданович Юрий Николаевич; 13.4.1849(1) ;;; [[Земля и воля]]<br />[[Народная воля (организация)
Пожарский Дмитрий Михайлович; 01.11.1578; [[Второе народное ополчение;;
Каноков Арсен Баширович; 22.2.1957 ; Глава Кабардино-Балкарской Республики ;;1) [[Либерально-демократическая партия России
Патрушев Николай Платонович; 11.07.1951; [[Совет безопасности Российской Федерации;;
Ногаре Гийом де; ок. 1260 ;  советник и хранитель печати французского короля Филиппа IV Красивого ;;  
Матвиенко Валентина Ивановна; 7.4.1949; [[Председатель Совета Федерации России; {{Флагификация; [[КПСС]] → [[Единая Россия]]
Грызлов Борис Вячеславович; 15.12.1950 ; [[Председатель Государственной думы; {{USSR}}→{{RUS}} ; [[Единая Россия]] 
Булыгин Александр Григорьевич; 18.08.1851 (6) ; [[Министерство внутренних дел Российской империи;;
Булыгин Василий Иванович; 1808 ; [[Правительствующий сенат;;
Джигме Сингье Вангчук; 11.11.1955; [[Список правителей Бутана;;
Куйбышев Валериан Владимирович; 6.6.1888 (25.5);;; [[Российская социал-демократическая рабочая партия (большевиков)
Яковлев Александр Николаевич; 2.12.1923; Председатель [[Российская партия социальной демократии; {{URS}}, <br /> {{RUS}}; [[КПСС]] (1944—1991), <br />[[Российская партия социальной демократии
Шушкевич Станислав Станиславович; 15.12.1934; Председатель<br />[[Верховный Совет Республики Беларусь;; Белорусская социал-демократическая Громада́ [[КПСС]] (1968—1991 гг.)
Бутми Георгий Васильевич; 1856;;;
Греф Герман Оскарович; 8.2.1964; [[Министерство экономического развития и торговли России;;
Балдуин I Фландрский; 1171; [[Список правителей Фландрии;;
Кутлер Николай Николаевич; 11.7.1859; [[Государственная дума Российской империи II созыва;; [[Конституционно-демократическая партия
Тит (римский император); 30.12.39;  [[Римский император]];;
Геринг Герман Вильгельм; 12.1.1893; президент [[Рейхстаг (Веймарская республика);; [[НСДАП]] ([[1922]]—[[1945]])<ref group
Ким Чен Ир; {{ДатаРождения; [[Список титулов Ким Чен Ира;; [[Трудовая партия Кореи]] (1961—2011)
Мстислав Владимирович Храбрый; ок. [[983]] ; [[князь Тмутараканский]] ;;
Василий II Тёмный; 10.3.1415; [[Список князей Московских;;
Суриков Александр Александрович; 15.08.1940; 3-й [[Глава администрации]] ([[губернатор]]) [[Алтайский край;; [[КПСС]] ([[1973]]—[[1991]]), [[Единая Россия]] (с [[2004 год]]а)
Королёв Олег Петрович; 23.02.1952; [[Глава администрации Липецкой области]];;
Лигачёв Егор Кузьмич; 29.11.1920; [[Томский областной комитет КПСС;; [[СКП-КПСС]] КПРФ
Анна (королева Великобритании); 6.2.1665 ;         [[список монархов Великобритании;;
Ли Куан Ю; 16.9.1923 ; Министр-наставник ;; [[Партия «Народное действие»]] 
Вильгельм III Оранский; 14.11.1650; король [[Англия;;
Игнатов Николай Иванович; 13.05.1956 ; начальник штаба Воздушно-десантных войск ;;  
Коков Валерий Мухамедович; 18.10.1941; Президент Кабардино-Балкарской Республики;; [[КПСС]]
Планси Миль де;  ; [[Трансиордания#Лорды Трансиордании;;
Смирнов Игорь Николаевич; 23.10.1941; [[Президент Приднестровской Молдавской Республики]]; {{Флагификация; [[КПСС]], в [[1963]]—[[1990 год]]ах 
Апраксин Фёдор Матвеевич; 27.11.1661; Президент [[Адмиралтейств-коллегия;;
Леппер Анджей Збигнев; 13.06.1954;;; [[Самооборона Республики Польша]]
Лаврский Константин Викторович; 31.12.1844;;;  [[Трудовая группа]]
Зурабишвили Саломе Левановна; 18.3.1952; Министр иностранных дел Грузии;;  [[Путь Грузии]]
Ежов Николай Иванович; 1.5.1895 (19.4) ; Народный комиссар внутренних дел СССР;; [[ВКП(б)]] (с 1917)
Рагузинский-Владиславич Савва Лукич; 16.1.1669 ; [[Список послов СССР и России в Китае;;
Якеменко Василий Григорьевич; 27.5.1971; руководитель<br /> [[Федеральное агентство по делам молодёжи;; [[ВЛКСМ]] (комсомол) <br /> (1985—1991 гг) <br /> [[Идущие вместе]] <br /> (2000—2005 гг) <br /> [[Наши (движение)
Голицын Василий Васильевич; 1643; Царственныя большия печати и государственных великих посольских дел сберегатель, ближний боярин и наместник новгородский;;
Демидов Игорь Платонович; 18.6.1873 (5) ;;; [[Конституционно-демократическая партия]] 
Людовик Великий Дофин; 1.11.1661; [[дофин Франции]];;
Августа (германская императрица); 30.9.1811; королева-консорт [[Пруссия;;
Тэннер Джон Райли; 4.04.1844; [[Список губернаторов Иллинойса;; [[Республиканская партия (США)
Оленин Алексей Николаевич; 9.12.1763 (28.11); [[Государственная канцелярия;;
Шойгу Сергей Кужугетович; 21.5.1955; [[Министерство обороны Российской Федерации;; 1. [[КПСС]] <br /> 2. [[Единая Россия]]
Мороз Александр Александрович; 29.2.1944; [[председатель Верховной рады Украины]];;
Петерс Яков Христофорович; 21.11.1886;;;
Стариков Иван Валентинович; 16.8.1960;;; 
Азеф Евно Фишелевич; 1869;;; [[Партия социалистов-революционеров]]
Меркушкин Николай Иванович; 5.2.1951 ; [[Самарские губернаторы;; [[КПСС]] → [[Единая Россия]] 
Эдуард Чёрный Принц; 15.6.1330; [[принц Уэльский]];;
Исхаков Камиль Шамильевич; 8.02.1949; [[Полномочный представитель Президента Российской Федерации в федеральном округе;;
Гречко Андрей Антонович; 17.10.1903 (4) ; [[Главы военного ведомства СССР;; [[КПСС]] 
Ламармора Альфонсо Ферреро;18.11.1804;6-й [[председатель Совета министров Италии]];;
Девлет I Герай; 1512 ; [[Список ханов Крыма;;
Россель Эдуард Эргартович; 8.10.1937; [[губернатор Свердловской области]];; [[Единая Россия]] (с 2004 г.)<br />[[КПСС]] (1966—1991)
У Не Вин;  14.5.1911  ; Президент Социалистической Республики Бирманский Союз;;  [[Антифашистская лига народной свободы]] (с 1944),[[Партия бирманской социалистической программы]] (с 1962)
Кузьмин Дмитрий Сергеевич; 1966;;; [[Справедливая Россия]] }}'''Дми́трий Серге́евич Кузьми́н''' (род. {{ДатаРождения
Мень Михаил Александрович; 12.11.1960 ; [[Министерство строительства и жилищно-коммунального хозяйства Российской Федерации;; [[Единая Россия (партия)
Птолемей III Эвергет; около [[280 год до н. э.; царь [[Эллинистический Египет;;
Птолемей IV Филопатор; ок. [[242 год до н. э.; царь [[Эллинистический Египет;;
Кир II Великий; ок. [[593 до н. э.]]; царь Ахеменидской державы;;1269019585#122 Геродот. История. Книга I «Клио», § 122—128]</ref>
Якушев Владимир Владимирович; 14.6.1968 ; [[Губернатор Тюменской области]] ;;  
Станислав Август Понятовский; 17.01.1732; [[Список королей Польши;;
Каримов Ислам Абдуганиевич; 30.1.1938; [[Президент Узбекистана]];;
Филипп I Руврский; 5.8.1346; [[Список герцогов Бургундии;;
Харальд I Прекрасноволосый; 850;1-й [[Список королей Норвегии;;
Генрих I Птицелов; ок. [[876]]; [[герцог Саксонии]];;
Иштван I Святой; ок. [[970]]/[[975]]; [[Апостолический король;;
Мятлев Василий Алексеевич; 1694 ; [[Сибирская губерния;;
Авксентьев Николай Дмитриевич; 16.11.1878; Председатель [[Временное Всероссийское правительство;; [[Партия социалистов-революционеров
Бухарин Николай Иванович; 9.10.1888 (27.9); Член [[Политбюро ЦК ВКП(б)]];; [[РСДРП]] (с 1906)
Шаяхметов Жумабай Шаяхметович; 30.08.1902 ; [[Чимкентский областной комитет КП Казахстана;; [[Коммунистическая партия Советского Союза
Харальд I Синезубый;  ; [[король Дании]] ;;
Ягода Генрих Григорьевич; 20.11.1891 (7); [[народный комиссар внутренних дел СССР]];;  [[РСДРП(б)]] с 1907 года. 
Зевин Яков Давидович; 21.6.1888;;; 
Селевк I Никатор; ок. {{ДатаРождения; Царь [[Государство Селевкидов;;
Делагарди Якоб Понтуссон; 20.06.1583 ; [[Генерал-губернатор]] [[Шведская Ливония;; <!-- политическая партия --> 
Багапш Сергей Васильевич; 4.3.1949; [[Президент Республики Абхазия]];; [[Единая Абхазия]]
Анкваб Александр Золотинскович; 26.12.1952; [[Президент Республики Абхазия]];;
Свен I Вилобородый; [[960-е годы]]; [[Король Дании]];;
Фиолетов Иван Тимофеевич; 1884;;; 
Щёлоков Николай Анисимович; 26.11.1910 (13); [[Министр внутренних дел СССР;; [[ВКП(б)]]→[[КПСС]]
Элькин Григорий Иосифович; 14.6.1953 ; руководитель [[Федеральное агентство по техническому регулированию и метрологии;;  
Роберт I д’Артуа; 1216; граф [[Артуа]];;
Мак-Магон Патрис де; 13.07.1808; [[президент Франции]];;
Гамбетта Леон Мишель; 2.04.1838 ;
;;
Магнус IV Слепой; ок. [[1115]].; [[Список королей Норвегии;;
Магнус (герцог Саксонии); около 1045 ; [[Список правителей Саксонии;;
Лесток Иоганн Германн; 9.5.1692(29.4) ; директор [[Аптекарский приказ;;
Шетарди Жак-Иоахим Тротти; 03.10.1705 ; [[Королевство Франция;; <!-- политическая партия --> 
Луначарский Анатолий Васильевич; 23.11.1875 (11.11) ;; {{Российская империя}}<br />{{USSR}} ;
Луций Корнелий Цинна; ;;; 
Марк Юний Брут; -85; ;; 
Абашидзе Аслан Ибрагимович; 20.07.1938; Глава Аджарской автономной республики;; 1) [[КПСС]] <br />2) Союз демократического возрождения
Ким Дэ Чжун; 3.12.1925 ; [[президент Республики Корея]] ;; [[Демократическая партия (Южная Корея)
Гней Помпей Великий; 29.9.-106; [[Консул (Древний Рим);;
Тулеев Аман Гумирович; 13.5.1944; губернатор Кемеровской области;;[[КПСС]] (1968—1991 гг.), [[КПРФ]] (до 2000 г.), [[Единая Россия]] (с 2005 г.)
Сигизмунд II Август; 1520 ; [[Список великих князей литовских;;
Ламсдорф Владимир Николаевич; 6.01.1845 (25.12.1844); [[Министры иностранных дел России;;
Мякотин Венедикт Александрович; 12.03.1867;;; [[Партия народных социалистов]]
Кравчук Леонид Макарович; 10.1.1934 ; [[Президент Украины]];; [[КПСС]] (1958—1991 гг.), [[СДПУ(о)]] (1998—2009)
Луций Аппулей Сатурнин;  ; [[квестор]] ;;
Скуратов Юрий Ильич; 3.6.1952 ; [[Генеральный прокурор Российской Федерации]] ;; [[КПРФ]] 
Филипп I Араб; ок. [[204]]; [[Римский император]];;
Марк Эмилий Эмилиан; [[207]] или [[213]]; Римский император;;
Птолемей V Эпифан; 9.10.-209; царь [[Эллинистический Египет;;
Луций Лициний Лукулл; -118; [[Консул (Древний Рим);;
Маргарита де Валуа; 14.5.1553; Королева-консорт [[Королевство Наварра;; (политическая партия)
Эдуард (король Шотландии); ок. [[1283]]; [[Список монархов Британских островов;;
Крёз (царь Лидии); −595; [[Царь Лидии]];;
Дуглас Арчибальд (рыцарь); 1290-е; Регент короля [[Давид II (король Шотландии);;
Броз Тито Иосип; 7.5.1892; Генеральный секретарь ЦК [[Союз коммунистов Югославии;; 1) [[Социал-демократическая партия Хорватии и Славонии
Лев I Макелла; 401; [[Византийский император]];;
Фейгин Марк Захарович; 3.6.1971;;; 
Константин XI Палеолог; 8.02.1404; [[деспот Мореи]];;
Пейн Джеймс Сприггс; 19.12.1819; [[Список президентов Либерии;; [[Республиканская партия (Либерия)
Миронов Сергей Михайлович; 14.2.1953 ; [[Руководители депутатских объединений Государственной думы#Государственная Дума V созыва (с 24 декабря 2007 г.); {{USSR}} → {{RUS}} ; [[Российская партия жизни]] <br /> (2002-2006)<br />[[Справедливая Россия]]<br /> (2006-н.в.) 
Шумейко Владимир Филиппович; 10.2.1945 ; Председатель [[Совет федерации;; 
Уорнер Дэниел Бэшиел; 19.4.1815; [[Список президентов Либерии;; [[Республиканская партия (Либерия)
Усман ибн Аффан; 574;;;
Бердников Александр Васильевич; 8.4.1953 ; [[Глава Республики Алтай;; [[Единая Россия]] 
Лапшин Михаил Иванович; 1.9.1934;;; [[Аграрная партия России]]
Снечкус Антанас Юозович; 7.01.1903 (25.12.1902); Первый Секретарь ЦК КП Литовской ССР;; [[Коммунистическая партия Литвы]]
Радзивилл Николай Чёрный; 4.2.1515; [[Канцлер великий литовский]];;
Кочубей Виктор Павлович; 22.11.1768 (11) ; [[Канцлер Российской империи]] ;;
Смит Джеймс Скивринг; 26.02.1825; [[Президент Либерии]] ;; [[Партия истинных вигов]]}}'''Джеймс Ски́вринг Смит''' (''James Skivring Smith''; {{date
Ярузельский Войцех Витольд; 06.07.1923; [[Список президентов Польши;; [[ПОРП]] (1947—1991)
Эрнст Константин Львович; 6.2.1961; генеральный директор [[Первый канал (Россия);;
Орлов Алексей Григорьевич; 5.10.1737 (24.9);;;
Бессмертных Александр Александрович; 10.11.1933 ; [[Министерство иностранных дел СССР;; [[КПСС]] в 1963—1991 годах.
Плачков Иван Васильевич; 23.11.1957; [[Губернаторы Одесской области;; 
Ивченко Алексей Григорьевич; 02.01.1963; Глава Конгресса Украинских Националистов;;
Аристов Аверкий Борисович; 4.11.1903 (22.10); Член [[Президиум ЦК КПСС;; [[Коммунистическая партия Советского Союза
Крылов Константин Анатольевич; 18.10.1967;;; [[Национальная демократическая партия]]
Судебная система России;;;;
Седов Лев Львович; 1906;;;
Таркаев Александр Никитич; 8.07.1947;;; [[Союз правых сил]], [[Правое дело]]
Феодосий I Великий; ок. [[346 год]]а; [[Римский император]];;
Нургалиев Рашид Гумарович; 8.10.1956 ; [[Совет безопасности Российской Федерации;;
Симеон Иванович Гордый; 7.9.1317; [[Список князей Московских;;
Коновалов Александр Владимирович; 9.6.1968 ; [[Министерство юстиции Российской Федерации; {{RUS}} ;
Франц I Стефан; 8.12.1708; [[Император Священной Римской империи]];;
Руденко Роман Андреевич; 30.7.1907 (17); [[Генеральный прокурор СССР]];;
Насер Гамаль Абдель; 15.1.1918; [[Президент Египта]]<br /><small>1-й [[Объединённая Арабская Республика;; [[Арабский социалистический союз (Египет)
Ярославский Емельян Михайлович; 3.3.1878 (19.2);;; [[ВКП(б)]]
Мерзифонлу Кара Мустафа-паша;  [[1634]] или [[1635]]; Великий визирь Османской империи;;
Кеманкеш Кара Мустафа-паша;  ; [[Список визирей Османской империи;;
Блюхер Василий Константинович; 1.12.1890 (19.11); Военный министр [[Дальневосточная республика;; [[Российская социал-демократическая рабочая партия
Максимин I Фракиец; 173; [[Римский император]];;
Констанций I Хлор; 31.03.250; [[Цезарь (титул);;
Руцкой Александр Владимирович; 16.9.1947  ;  губернатор [[Курская область;; 1) [[Коммунистическая партия Советского Союза
Панин Никита Петрович; 17.04.1770; Вице-канцлер Российской империи;;
Панин Виктор Никитич; 23.03.1801; [[Список министров юстиции России;;
Жданок Татьяна Аркадьевна; 8.5.1950 ;;; [[Коммунистическая партия Латвии
Митрофанов Алексей Валентинович; 16.03.1962;;; [[Либерально-демократическая партия России
Шандыбин Василий Иванович; 25.7.1941;;; [[КПРФ]], <br /> [[Аграрная партия России]]
Хуан Карлос I; 5.01.1938 ; [[Король Испании]] ;;
Карл II Лысый; 13.06.823; [[король Франции;;
Плинер Яков Гдальевич; 27.12.1946 ;;; [[КПСС]]<ref>''Плинер Я. Г.'' [http://www.pctvl.lv/index.php?lang
Воронин Владимир Николаевич; 25.05.1941; [[Президент Молдавии]];; [[Партия коммунистов Республики Молдова]]
Ирод Агриппа I; -10 ; Царь Иудеи ;;
Каваку Силва Анибал; 15.7.1939; [[Президент Португалии]];;
Высший руководитель Ирана;;;;
Хомейни Рухолла Мусави; 24.9.1902; [[Высший руководитель Ирана]];;
Тиберий Семпроний Гракх; -162 ; [[Народный трибун]] [[Римская республика;;
Титов Константин Алексеевич; 30.10.1944; Глава администрации [[Самарская область;;
Шереметев Пётр Борисович; 9.3.1713 (26.2) ; [[Обер-камергер]] [[Императорский двор Российской империи;;
Стретович Владимир Николаевич; 19.5.1958 ;;; [[Христианско-Демократический Союз (Украина)
Палата общин Великобритании;;;;
Стучка Пётр Иванович; 14.6.1865; Председатель Верховного Суда [[РСФСР]] ;;  [[РСДРП]] с 1906
Лорис-Меликов Михаил Тариэлович; 5.11.1824 (19.10); [[Министры внутренних дел России;;
Ахметов Даниал Кенжетаевич; 15.6.1954; Министр обороны Республики Казахстан;; [[Народно-демократическая партия «Нур Отан»
Тасмагамбетов Имангали Нургалиевич; 9.12.1956; [[Аким города Астаны]];; [[Отан (партия)
Список премьер-министров Казахстана;;;;
Токаев Касым-Жомарт Кемелевич; 17.5.1953; Председатель Сената Парламента Республики Казахстан;;
Терещенко Сергей Александрович; 30.03.1951; Председатель Совета Министров Казахской ССР;;
Кажегельдин Акежан Магжанович; 27.03.1952 ; министр Республики Казахстан;; 
Балгимбаев Нурлан Утепович; 20.11.1947 ; Председатель правительства Республики Казахстан;; 
Шайкенов Нагашбай Амангалеевич; 6.3.1947; Министр юстиции Республики Казахстан;;
Полежаев Леонид Константинович; 30.01.1940; 1-й [[губернатор]] [[Омская область;; [[Единая Россия]]
Затулин Константин Фёдорович; 7.9.1958;285684&soch;; [[Единая Россия]]
Неёлов Юрий Васильевич; 24.06.1952 ; [[губернатор]] [[ЯНАО;; [[Единая Россия]] 
Гай Семпроний Гракх; -153;;;
Абакумов Виктор Семёнович; 24.4.1908 (11) ; [[Министерство государственной безопасности СССР;; [[КПСС]] ([[1930 год
Кони Анатолий Фёдорович; 10.02.1844; Член [[Государственный совет Российской империи;;
Тайный совет Великобритании;;;;
Урекян Серафим Александрович; 2.02.1950; [[Парламент Молдавии;;  [[Либерал-демократическая партия Молдовы]]
Болеслав III Кривоустый; 20.08.1086; [[Список королей Польши;;
Балдуин I Иерусалимский; ок. [[1060]]; [[Граф Эдессы]];;
Косачёв Константин Иосифович; 17.9.1962; руководитель [[Россотрудничество;; [[Единая Россия]]
Милли Стефанья де; между [[1145]] и [[1155]]; леди [[Трансиордания;;
Геращенко Виктор Владимирович; 21.12.1937; Председатель Правления [[Государственный банк СССР;; [[КПСС]] (1963—1991)
Сент-Аман Одо де; 1110; [[Магистр]] [[Тамплиеры;;
Перон Хуан Доминго; 8.10.1895; [[президент Аргентины]];;
Государственный строй Великобритании;;;;
Свердлов Яков Михайлович; 4.6.1885 (23.5) ; Председатель [[Всероссийский Центральный Исполнительный Комитет;; [[РСДРП(б)]], [[РКП(б)]]
Свердлов Вениамин Михайлович; 1886 ; Член Президиума ВСНХ ;;
Микоян Анастас Иванович; 25.11.1895 (13); [[Председатель Президиума Верховного Совета СССР]];; [[Коммунистическая партия Советского Союза
Ниязов Сапармурат Атаевич; 19.2.1940; [[Президент Туркмении;; [[КПСС]], [[Демократическая партия Туркменистана
Фёдоров Борис Григорьевич; 13.2.1958; [[Список министров финансов России;;
Павлов Валентин Сергеевич; 26.9.1937; [[Премьер-министр СССР]];; [[КПСС]] ([[1962]]—[[1991]]);<br />[[Аграрная партия России
Рейман Леонид Дододжонович; 12.07.1957 ; [[Советник Президента Российской Федерации]] ;;
Василий Юрьевич Косой; ; 10-й [[Великий князь Московский]] ;;
Василий I Македонянин; ок. [[811 год]]а; [[Византийский император]];;
Василий II Болгаробойца; 958; [[Византийский император]];;
Мобуту Сесе Секо; 14.10.1930 ; [[Президенты Демократической Республики Конго;; [[Народное движение революции (Заир)
Лавров Сергей Викторович; 21.3.1950 ; [[Министерство иностранных дел России;; 
Парвус Александр Львович; 8.9.1867 (27.8);page&num;; «[[Освобождение труда]]», [[РСДРП]], [[СДПГ]]
Адамс Джон Куинси; 11.07.1767; [[президент США]];; [[Федералистская партия (США)
Адамс Чарльз Фрэнсис; 18.08.1807 ; [[Посол США в Великобритании]] ;; [[Виги (США)
Мигуля Александр Анатольевич; 24.12.1961; мэр <br /> [[Благовещенск]]а ;;
Брюн-де-Сент-Ипполит Валентин Анатольевич;  31.5.1871; [[Департамент полиции;; 
Траверсе Иван Иванович; 1754 ; [[Морское министерство Российской империи;;
Гребенников Валерий Васильевич; 14.10.1946;;; [[Единая Россия]]
Сазонов Сергей Дмитриевич; 10.8.1860 (29.7); [[Министры иностранных дел России; {{Российская империя}};
Болеслав I Храбрый; 967; [[Список королей Польши;;
Болеслав II Смелый; ок. 1042; [[Список королей Польши;;
Болеслав II Благочестивый; ок. 932; [[Князь Чехии]]  ;;
Болеслав I Грозный; ок. 910/915; [[Князь Чехии]]  ;;
Болеслав III Рыжий; ; [[Князь Чехии]]  ;;
Болеслав IV Кудрявый; [[1120]] или [[1121]]; [[Список королей Польши;;
Болеслав V Стыдливый; 21.06.1226; [[Список королей Польши;;
Департаменты правительства Великобритании;;;;
Ян II Казимир; 22.3.1609; [[Список правителей Польши;;
Владислав III Варненьчик; 31.10.1424; [[Список королей Польши;;
Кара-Мурза Владимир Владимирович; 7.9.1981;;; [[Республиканская партия России
Яковлев Яков Аркадьевич; 21.6.1896 (9); [[Народный комиссариат земледелия СССР;; [[РСДРП(б)]] с 1913 года.
Буксгевден Фёдор Фёдорович; 13.9.1750 (2) ; [[Лифляндская губерния;;
Логинов Владимир Александрович; 18.11.1954 ; [[глава администрации]] [[Корякский автономный округ;;  
Стародубцев Василий Александрович; 25.12.1931; [[Губернатор]] [[Тульская область;; 1) [[КПСС]]<br />2) [[Аграрная партия России]] <br />3) [[КПРФ]]
Ходырев Геннадий Максимович; 23.9.1942; первый секретарь [[Горьковский областной комитет КПСС;; [[КПСС]] (до 1991)</br>[[КПРФ]] (до 2002)</br>[[Единая Россия]] (с 2002)
Говорин Борис Александрович; 27.6.1947; [[Губернатор Иркутской области]];; 
Егоров Владимир Григорьевич; 26.11.1938; [[губернатор]] [[Калининградская область;;}}'''Влади́мир Григо́рьевич Его́ров''' (р. [[26 ноября]] [[1938]], [[Москва]]) — российский военачальник и государственный деятель, командующий [[Балтийский флот
Тихонов Владимир Ильич; 4.2.1947 ; глава администрации [[Ивановская область;; [[Коммунистическая партия Российской федерации
Бурджанадзе Нино Анзоровна; 16.07.1964 ; [[Парламент Грузии;; [[Единая Грузия
Эльцин Борис Михайлович; 1875;;; 
Виленкин Александр Абрамович; 5.6.1883;;; 
Алиев Муху Гимбатович; 6.08.1940; [[Президент Дагестана;;
Памфилова Элла Александровна; 12.9.1953; министр социальной защиты населения России;1524380 Элла Памфилова: «Я ушла не из-за единороссовских функционеришек»]</ref><ref>[http://newtimes.ru/articles/detail/28976/ Элла Памфилова: «Я не уеду!»]</ref>; [[КПСС]] <small>(1985—1990)</small>
Лев IV Хазар; 25.01.750; [[Византийские императоры;;
Феодор II Ласкарис; 1221; [[Никейская империя;;
Деканозов Владимир Георгиевич; 1898;  [[Министр внутренних дел Грузинской ССР]];; [[ВКП(б)]], [[КПСС]]
Кирсанов Виталий Антонович; 11.5.1939 ; первый секретарь Первореченского районного комитета [[Коммунистическая партия Советского Союза;; [[КПСС]] 
Тер-Петросян Левон Акопович; 9.1.1945; [[президент Армении]];;  
Блумберг Майкл Рубенс; 14.2.1942; 108-й [[мэр Нью-Йорка]];; до 2001 — [[Демократическая партия (США)
Громов Борис Всеволодович; 7.11.1943; [[Губернатор Московской области]];; 1) [[КПСС]]<br />2) [[Единая Россия]]}}'''Бори́с Все́володович Гро́мов''' (р. [[1943]], [[Саратов]]) — советский и российский военачальник и политик, депутат [[Государственная дума Федерального собрания Российской Федерации VI созыва
Катанандов Сергей Леонидович; 21.04.1955; Член [[Совет Федерации;; [[КПСС]] (до 1991), [[Отечество]], [[Единая Россия]] (с 2004)
Козловский Евгений Александрович; 7.5.1929 ; Министр геологии СССР ;; член [[Коммунистическая партия Советского Союза
Ульрих Василий Васильевич; 13.07.1889; Председатель [[Военная коллегия Верховного суда СССР;; [[Коммунистическая партия Советского Союза
Рахимов Муртаза Губайдуллович; 7.2.1934; [[Президент Башкортостана]];; [[Единая Россия]]
Шуваев Дмитрий Савельевич; 24.10.1854(12) ; [[Военное министерство Российской империи#Военные министры;;
Политические партии Украины;;;;
Симоненко Пётр Николаевич; 1.8.1952; первый секретарь ЦК [[Коммунистическая партия Украины; {{Флагификация; 1) [[КПСС]] (до 1991) <br />3) [[Социалистическая партия Украины
Вильпен Доминик де; 14.11.1953; [[Премьер-министр Франции]] <br /><small>18-й Премьер-министр [[Пятая республика;; [[Объединение в поддержку республики]], [[Союз за народное движение (Франция)
Крупская Надежда Константиновна; 26.02.1869 (14); Заместитель [[Народный комиссариат просвещения РСФСР;;
Путина Людмила Александровна; 6.1.1958;;;
Христенко Виктор Борисович; 28.8.1957; [[Министерство промышленности и торговли Российской Федерации;;
Грачёв Павел Сергеевич; 1.1.1948 ; [[Министерство обороны Российской Федерации#Министры;; [[КПСС]] <small>(до [[1991 год]]а)</small> 
Фальк Антон Рейнгард; 19.3.1777 ;;;  
Жискар д’Эстен Валери; 2.02.1926; [[президент Франции]] <br /><small>[[Пятая республика;; [[Союз за французскую демократию]] (UDF)
Афанасьев Сергей Александрович; 30.8.1918; Министр тяжёлого и транспортного машиностроения СССР;; [[КПСС]] (с 1943)
Бюнтинг Николай Георгиевич; 1861; [[Тверская губерния;;
Мартов Юлий Осипович; 24.11.1873;;; РСДРП
Гапон Георгий Аполлонович; 17.2.1870 (5.2);"СПДА";;
Илюмжинов Кирсан Николаевич; 5.4.1962; Глава Республики Калмыкия;; 1) [[КПСС]] ([[1983]]—[[1991]])<br />2) [[Единая Россия]] (с [[2004]])
Лебедь Александр Иванович; 20.4.1950; [[губернатор]] [[Красноярский край;; [[КПСС]] <br />(1972 — 1991 г.)<br /> [[КП РСФСР]]<br />(1990 — 1991 г.) <br />[[Конгресс русских общин]],<br /> «Честь и Родина» <br />(1995 — 1996 г.)<br />[[Народно-республиканская партия России
Аметистов Эрнест Михайлович; 17.05.1934; Судья [[Конституционный суд Российской Федерации;;
Михаил Корибут Вишневецкий; 31.07.1640; [[Список королей Польши;;
Мехмед I Герай; 1465; [[Список ханов Крыма;;
Самарин Юрий Евгеньевич; 30.8.1949 ;;;  
Чернецкий Аркадий Михайлович; 8.5.1950; [[Глава Екатеринбурга]];; [[Единая Россия]]
Кржижановский Глеб Максимилианович;  24.1.1872 (12) ; Председатель Государственной общеплановой комиссии при Совете труда и обороны РСФСР;; [[РСДРП(б)]]
Сперанский Михаил Михайлович; 12.1.1772  (1);;;
Рём Эрнст Юлиус; 28.11.1887 ; Начальник штаба [[штурмовые отряды (СА);;
Владислав I Герман; 1043; [[Список королей Польши;;
Шейнис Виктор Леонидович; 16.2.1931;;; В годы советской власти был членом КПСС. В настоящее время член партии «Яблоко»
Румянцев Николай Петрович; 14.4.1754(3) ; [[Список послов России и СССР в Германии;;
Ясин Евгений Григорьевич; 7.5.1934 ; [[Министерство экономического развития и торговли России;; [[Союз правых сил
Рыжков Владимир Александрович; 3.9.1966 ; Сопредседатель «[[Республиканская партия России — Партия народной свободы; {{USSR}} → {{RUS}} ; [[Демократический выбор России]] (1993—1995)<br />[[Наш дом — Россия]] (1995—2005)<br />[[Республиканская партия России — Партия народной свободы
Лебедь Дмитрий Захарович; 9.2.1893 ; Второй секретарь [[ЦК КП(б)У]] ;; [[Коммунистическая партия Советского Союза]] 
Колганов Владимир Николаевич; 25.6.1947; [[Глава администрации]] [[Барнаул]]а ;; «[[Единая Россия]]» ([[2003]])
Лысенко Владимир Николаевич; 4.1.1956;;; [[Республиканская партия России]]
Народные депутаты Украины;;;;
Бузаев Владимир Викторович; 8.10.1951 ;;; [[ЗаПЧЕЛ]] ( с 1993, до 2007 как [[Равноправие (партия)
Захаров Андрей Александрович; 10.8.1961;;; 
Людовик I Великий; 5.03.1326; [[короли Венгрии;;
Михаил IX Палеолог; 17.04.1277; [[Византийский император]];;
Никифор III Вотаниат; ок. [[1002]]; [[Византийский император]];;
Клавдий Рутилий Намациан;; [[Префект Рима]] ([[лето]] [[414]]);;
Винниченко Владимир Кириллович; 26.7.1880 (14); Председатель Генерального Секретариата Украинской Народной Республики;;
Саблер Владимир Карлович; 25.11.1845 (13.11); [[Обер-прокурор;; <!-- политическая партия -->
Хо Ши Мин; 19.5.1890; Председатель ЦК [[Партия трудящихся Вьетнама;;1) [[Французская коммунистическая партия
Савицкий Мельхиор Станислав;  ; [[Воеводы берестейские;;
Сабуров Андрей Александрович; 30.08.1837 (18); [[Министерство народного просвещения Российской империи#Министры народного просвещения и управляющие министерством;;
Танкред (король Сицилии); между [[1135]] и [[1145]]; [[король Сицилии]];;
Розен Густав Фридрих; 06.08.1688 ; [[Генерал-губернатор]] [[Финляндия;; [[партия «шляп»]] 
Розин Николай Николаевич; 25.11.1871;;; [[Конституционно-демократическая партия
Ройе-Коллар Пьер Поль; 21.06.1763 ;;;  
Ван Бюрен Мартин; 05.12.1782; [[президент США]];; [[Демократическо-республиканская партия США]]<br />[[Демократическая партия США]]<br />[[Партия свободной земли (США)
Живков Тодор Христов; 7.09.1911; [[Генеральный секретарь ЦК БКП;; [[Болгарская коммунистическая партия
Алкет I Македонский; ; [[Македонские цари;;
Полк Джеймс Нокс; 2.11.1795; [[президент США]]  ;; [[Демократическая партия США]]
Орлов Григорий Григорьевич; 17.10.1734 (6) ; Глава [[Главное ракетно-артиллерийское управление Министерства обороны;  ;
Кузнецов Иван Кириллович; 1793; [[Градоначальники Красноярска;;
Хейс Ратерфорд Бёрчард; 4.10.1822; [[президент США]];; [[Республиканская партия (США)
Кагарлицкий Борис Юльевич; 29.8.1958;;;
Гарфилд Джеймс Абрам; 19.11.1831; [[президент США]];; [[Республиканская партия (США)
Тарасов Александр Николаевич; 8.3.1958;;;
Людовик II Немецкий; [[804]]/[[805]]; [[король Баварии]];;
Даниил Романович Галицкий; 1201; [[Князь Галицкий]];;
Артур Честер Алан; 5.10.1829; [[президент США]];; [[Республиканская партия США]]
Черновецкий Леонид Михайлович; 25.11.1951; [[Киевский городской голова]];;
Альфонсо VI Храбрый; 1043 ; [[Список королей Леона;;
Кеннан Джордж Фрост; 16.2.1904; посол [[Список послов США в России;;
Роман I Лакапин; ок. [[870]]; [[Византийский император]];;
Роман III Аргир; 968; [[Византийский император]];;
Роман IV Диоген; 1030; [[Византийский император]];;
Гудович Иван Васильевич; 1741 ; Генерал-губернатор <br /> [[Рязанское наместничество;;
Куусинен Отто Вильгельмович; 4.10.1881; Секретарь ЦК КПСС и член [[Президиум ЦК КПСС;; [[Социал-демократическая партия Финляндии]] (с 1904); [[КПСС]] (с 1918)<ref name
Кнессет 17-го созыва;;;;
Ройзман Евгений Вадимович; 14.09.1962 ; [[Глава Екатеринбурга — председатель Екатеринбургской городской думы]] ;; [[Российская партия жизни
Романчук Юлиан Семёнович; 24.02.1842;;;
Шверник Николай Михайлович; 19.5.1888 (7); Член [[Политбюро ЦК КПСС;; [[КПСС]] (с [[1905 год]]а)
Суслов Михаил Андреевич; 21.11.1902 (8) ; Член [[Политбюро ЦК КПСС]]<br /><small>до [[1966 год]]а — [[Президиум ЦК КПСС;; [[КПСС]] 
Кокошин Андрей Афанасьевич; 26.10.1945; [[Совет безопасности Российской Федерации;;
Арбатов Алексей Георгиевич; 17.01.1951 ;;;[[Яблоко (партия)
Доркин Виктор Иванович; 3.10.1953 ; Мэр города Дзержинский ;;
Иванов Сергей Борисович; 31.1.1953 ; [[Руководитель Администрации Президента Российской Федерации]] ; {{RUS}} ;
Маргарян Андраник Наапетович; 12.6.1951 ; [[Премьер-министр Армении]];; [[Республиканская партия Армении]]
Абд ар-Рахман I; 731; [[Эмир Кордовы]];;
Абд ар-Рахман II; 792; Эмир Кордовы;;
Абд ар-Рахман III; 7.01.891 ; Эмир Кордовы;;
Людовик I Анжуйский; 23.7.1339; [[Список графов Анжуйских;;
Кливленд Стивен Гровер; 18.03.1837; 22-й [[президент США]];; [[Демократическая партия США]]
Маргарет Норвежская Дева; 9.04.1283; [[Список королей Шотландии;;
Птолемей VI Филометор; −191; царь [[Эллинистический Египет;;
Подгорный Николай Викторович; 18.02.1903 (5); [[Председатель Президиума Верховного Совета СССР]];; [[ВКП(б)]] — [[КПСС]] (с [[1930]])
Анненков Николай Николаевич; 6.12.1799; [[Государственные контролёры Российской империи;;
Янаев Геннадий Иванович; 26.8.1937; Исполняющий обязанности [[Президент СССР;; [[КПСС]] (c 1962)
Никсон Ричард Милхауз; 9.01.1913 ; [[Президент США]] ;; [[Республиканская партия США]] 
Оттон (король Греции); 1.06.1815; [[Король Греции]];;
Альфонсо I Католик; ок. [[705 год; [[Король Астурии]];;
Антиох II Теос; -286; Царь [[Государство Селевкидов;;
Орлов Борис Сергеевич; 19.5.1930; Председатель Социал-демократической партии Российской Федерации (СДПР);; 1) [[Коммунистическая партия Советского Союза
Мандель Эрнест Эзра; 5.04.1923;;; [[Революционная коммунистическая лига (Бельгия)
Ким Ир Сен; 15.04.1912; [[Вечный президент КНДР]];; [[Трудовая партия Кореи]]
Жданов Андрей Александрович; 26.2.1896 (14); Член [[Политбюро ЦК КПСС;; [[ВКП(б)]] (с 1915)
Альфонсо VII Император; 1.3.1105; [[Список правителей Леона;;
Деметрий II Этолийский; -269; [[Македонский царь]];;
Александр II Македонский; ; [[Македонские цари;;
Фирюбин Николай Павлович; 4.4.1908; Заместитель [[Министерство иностранных дел СССР;; [[КПСС]] 
Мельников Павел Петрович; 3.8.1804 (22.7) ; [[Министерство путей сообщения Российской империи;;
Тафт Уильям Говард; 15.09.1857; [[президент США]];; [[Республиканская партия США]]
Кулидж Джон Калвин; 4.7.1872;[[президент США]];; [[Республиканская партия (США)
Гувер Герберт Кларк; 10.08.1874; [[президент США]];; [[Республиканская партия США]]
Форд Джеральд Рудольф; 14.07.1913 ; [[президент США]] ;; [[Республиканская партия (США)
Уррака (королева Кастилии); 24.06.1081 ; [[Император всей Испании;;
Беренгария (королева Кастилии); 1.6.1180; королева [[Леон (королевство);;
Зиновьев Григорий Евсеевич; 23.9.1883 (11); Член [[Политбюро ЦК ВКП(б)]];; [[Российская социал-демократическая рабочая партия (большевиков)
Крестинский Николай Николаевич; 25.10.1883 (13);;; [[ВКП(б)]]
Раковский Христиан Георгиевич; 13.8.1873 (1); Председатель [[Совет народных комиссаров УССР;;
Глазьев Сергей Юрьевич; 01.01.1961 ; [[Советник президента Российской Федерации]] ; {{USSR}} → {{RUS}} ; [[Демократическая партия России]] → [[Родина (партия)
Йиржи из Подебрад; 23.04.1420; [[Список правителей Чехии;;
Альфонсо XI Справедливый; 13.08.1311 ; [[король Кастилии и Леона]] ;;
Хаджи I Герай; 1397; [[Список ханов Крыма;;
Саадет I Герай; 1492; [[Список ханов Крыма;;
Кириллин Владимир Алексеевич; 20.1.1913 (7); Заместитель Председателя Совета Министров СССР;; [[КПСС]] с 1937 года
Дутбаев Нартай Нуртаевич; 7.01.1956; Председатель [[Комитет национальной безопасности Республики Казахстан;; 
Матильда (королева Англии); 7.2.1101; [[королева Англии]];;
Лукьянов Анатолий Иванович; 7.5.1930; [[Председатель Верховного Совета СССР]];; член [[КПСС]] с 1955 года
Стефан (король Англии); ок. [[1096 год]]а; [[король Англии]];;
Зубов Валерий Михайлович; 9.5.1953; губернатор Красноярского края;; [[Справедливая Россия]]
Захаров Алексей Константинович; 3.03.1948;;; «[[Яблоко (партия)
Золотухин Борис Андреевич; 13.06.1930; Народный депутат России, член [[Верховный Совет России;; [[Демократический выбор России]], Либеральная Россия
Константин VII Багрянородный; [[17 мая; [[Византийский император]];;
Михаил VI Стратиотик; ?; [[Византийский император]];;
Михаил I Рангаве; ?; [[Византийские императоры;;
Немцов Борис Ефимович; 9.10.1959; Сопредседатель [[Партия народной свободы «За Россию без произвола и коррупции»;; [[Партия народной свободы «За Россию без произвола и коррупции»
Мага Кутуку Юбер; 10.08.1916; [[Президент Бенина;; [[Дагомейская партия единства]]}}'''Кутуку Юбе́р Мага''' ({{lang-fr
Макнамара Роберт Стрейндж; 9.6.1916; [[министр обороны США]];; [[Республиканская партия США
Аптекман Осип Васильевич; 30.03.1849;;; [[Чёрный передел]], [[Народное право]]
Нарусова Людмила Борисовна; 02.05.1951 ; [[Председатели комитетов и постоянных комиссий Совета Федерации; {{Флагификация; [[Российская партия жизни]]<br />(до 2006 г.),<br />[[Справедливая Россия]]<br />(до 5 апреля 2013 г.) 
Генералов Сергей Владимирович; 7.9.1963 ; [[Список министров энергетики России;;
Кулаков Владимир Григорьевич; 23.4.1944 ; [[Губернатор Воронежской области]] ;; [[Единая Россия]] 
Ковалевский Максим Максимович; 8.09.1851 (27.08); [[Государственный совет Российской империи;;
Зурабов Михаил Юрьевич; 3.10.1953; Чрезвычайный и полномочный посол Российской Федерации на Украине;;
Густав IV Адольф; 1.11.1778; [[Король Швеции;;
Ногин Виктор Павлович; 14.2.1878;;; [[РСДРП(б)]]
Елизаров Марк Тимофеевич; 22.3.1863 (10); [[Министерство путей сообщения;;
Лебедев Сергей Николаевич; 9.04.1948; [[СНГ;;
Толстой Дмитрий Андреевич; 13.3.1823 (1) ; [[Министры внутренних дел России;;
Толстой Пётр Александрович; 12.03.1770 ; [[Санкт-Петербургское генерал-губернаторство;;
Рашидов Шараф Рашидович; 6.11.1917 (24.10); [[Руководство Узбекской ССР;; [[КПСС]] с 1939 года
Ахунбабаев Юлдаш Ахунбабаевич; 01.07.1885; Председатель Центрального Исполнительного Комитета [[Узбекская ССР;;
Ходжаев Файзулла Губайдуллаевич; 1896;  Председатель [[Центральный исполнительный комитет СССР;;
Рахимбаев Абдулло Рахимбаевич; 1.6.1896; Председатель Президиума [[Центральный исполнительный комитет СССР;;  [[КПСС]] 
Ататюрк Мустафа Кемаль; 1881; [[Президент Турции]];; [[Республиканская народная партия (Турция)]]
Подбельский Вадим Николаевич; 1887; [[Народный комиссариат почт и телеграфов РСФСР;; [[РСДРП(б)]] с 1905 года
Юсупов Усман Юсупович; 1.3.1900 (19.2); [[Руководство Узбекской ССР;; [[ВКП(б)]] (с 1942)
Григулевич Иосиф Ромуальдович; 13.5.1913;;; [[КПСС]]
Петен Анри Филипп; 24.4.1856; [[Режим Виши;;
Магн Аврелий Кассиодор; около [[487]] ; [[Список консулов Римской империи;;
Хованская Галина Петровна; 23.8.1943;;; [[Яблоко (партия)
Бадаев Алексей Егорович; 16.11.1883(4) ; Председатель [[Центросоюз]]а;; [[РСДРП]] <small>([[большевик]])</small> ([[1904]]-[[1912]]) <br />[[РСДРП(б)]] ([[1912]]-[[1918]]) <br />[[РКП(б)]] ([[1918]]-[[1925]]) <br />[[ВКП(б)]] (с [[1925]]) 
Бонч-Бруевич Владимир Дмитриевич; 28.6.1873(16) ; Управляющий делами [[Совет народных комиссаров РСФСР;; [[РСДРП]] / [[РСДРП(б)]] / [[ВКП(б)]] / [[КПСС]] 
Рощупкин Валерий Павлович; 5.3.1945; руководитель [[Федеральное агентство лесного хозяйства;;
Бабурин Сергей Николаевич; 31.1.1959; [[Заместители председателя Государственной думы; {{Флагификация; [[Российский общенародный союз]]
Казанник Алексей Иванович; 26.7.1941; [[Генеральный прокурор Российской Федерации]] ;;
Минжуренко Александр Васильевич; 24.10.1946;;; «[[Союз правых сил]]»
Манякин Сергей Иосифович; 7.11.1923; [[Комиссия советского контроля;; [[ВКП(б)]] с 1945 года
Шойхет Юрий Яковлевич; 1950; Мэр города [[Омск]]а;;
Белов Евгений Иванович; 15.04.1945; Мэр города [[Омск]]а;;
Шрейдер Виктор Филиппович; 23.2.1952; Мэр города [[Омск]]а;; «[[Единая Россия]]»
Назарчук Александр Григорьевич; 6.8.1939; [[Список министров сельского хозяйства России;; [[КПСС]] (1971—1991), [[Аграрная партия России
Стефан III Великий; 1429; Господарь Молдовы;;
Восков Семён Петрович; 1889;;; [[РСДРП]]
Мосин Сергей Иванович; 14.04.1849;;;
Зорькин Валерий Дмитриевич; 18.2.1943; Председатель [[Конституционный Суд Российской Федерации;;
Агасиев Кази Магомед; 1882; революционер;; РСДРП(б)
Айдит Дипа Нусантара; 30.7.1923;;; [[Коммунистическая партия Индонезии]]
Козулин Александр Владиславович; 25.11.1955;;; ---
Ягодин Геннадий Алексеевич; 3.6.1927; Министр высшего и среднего специального образования СССР;; [[КПСС]] с 1948 года.
Ли Сын Ман; 26.03.1875; [[президент Южной Кореи]];; [[Либеральная партия (Южная Корея)
Административное деление Ирана;;;;
Питт Уильям Старший;15.11.1708; [[Премьер-министр Великобритании]];; [[Виги]]
Литвин Владимир Михайлович; 28.4.1956; [[председатель Верховной рады Украины]];;
Постышев Павел Петрович; 18.9.1887 (6); Кандидат в члены [[Политбюро ЦК КПСС;; [[КПСС]] с [[1904 год]]а, исключён [[1938]], восстановлен [[1956]] (посмертно)
Зеленин Дмитрий Вадимович; 27.11.1962; [[Губернатор]] [[Тверская область;;
Косиор Станислав Викентьевич; 18.11.1889 (6); Секретарь ЦК [[Коммунистическая партия Украины;;
Щербицкий Владимир Васильевич; 17.2.1918; Член [[Политбюро ЦК КПСС]];;
Балашов Александр Дмитриевич; 24.7.1770 (13); [[Рязанская губерния;;
Розен Роман Романович; 12.02.1847 ; Член Государственного совета Российской империи ;;  
Куликов Анатолий Сергеевич;	4.9.1946 ; [[Правительство России;; «[[Единая Россия]]» 
Крыленко Николай Васильевич; 14.5.1885 (2); народный комиссар юстиции СССР ;;  [[РСДРП]] с 1904
Акулов Иван Алексеевич; 24.4.1888(12) ; [[Руководители ЦК Компартии Казахстана (1920—1991);; [[РКП(б)]] 
Куэйл Джеймс Дэнфорт; 4.2.1947 ; [[вице-президент США]] ;; [[Республиканская партия США]] 
Вербицкая Людмила Алексеевна; 17.6.1936; Президент [[Российская академия образования;;
Птолемей VIII Эвергет;; царь [[Эллинистический Египет;;
Чубук Ион Кондратьевич;  29.05.1943 ; [[Главы правительства Молдавии;;  
Милан IV Обренович;; Князь Сербии;;
Лобанов-Ростовский Алексей Борисович; 30.12.1824 (18); [[Министры иностранных дел России;;
Туре Ахмед Секу; 9.1.1922; [[Президент Гвинеи]];; [[Демократическая партия Гвинеи]]
Шелест Пётр Ефимович; 14.2.1908 (1); Член [[Политбюро ЦК КПСС]]<br />(до 1966 г. — Президиума ЦК КПСС);; [[КПСС]] с [[1928 год]]а
Публий Клодий Пульхр; {{ДатаРождения; [[Народный трибун]];;
Рухлов Сергей Васильевич; 24 июня ([[6 июля]]) [[1852]] г.; [[Министры путей сообщения России;;
Логвиненко Владимир Иванович; 14.10.1944 ;  ;;
Рокфеллер Нельсон Олдрич; 8.7.1908 ; [[вице-президент США]] ;; [[Республиканская партия США]] 
Гинденбург Пауль фон; 2.10.1847;  2-й [[Рейхспрезидент;;
Эрдоган Реджеп Тайип; 26.2.1954; [[Премьер-министр Турции]];; [[Партия справедливости и развития (Турция)
Валленштейн Альбрехт фон; 15.9.1583 ; граф, генералиссимус, адмирал, герцог [[герцогство Фридландское;;
Зубатов Сергей Васильевич; 8.4.1864 (28.3);;;
Потанин Владимир Олегович; 3.1.1961; Первый [[Заместитель Председателя Правительства Российской Федерации]];;
Дорошенко Пётр Дорофеевич; 1627 ; [[гетман]] [[Правобережная Украина;;
Мартыненко Николай Владимирович; 12.01.1961; [[Фракция (политика);; [[Фронт перемен]]
Порошенко Пётр Алексеевич; 26.09.1965;Народный депутат Украины VII созыва                                                                                   ;; [[Социал-демократическая партия Украины (объединённая)
Мануил II Палеолог; 27.06.1350; [[Византийский император]];;
Андроник IV Палеолог; 2.04.1348; [[Византийский император]];;
Вилинбахов Георгий Вадимович; 13.4.1949 ; Председатель [[Геральдический совет при Президенте Российской Федерации;;
Елизавета Кристина Брауншвейгская; 8.11.1715; королева [[Пруссия;;
Чилингаров Артур Николаевич; 25.9.1939;[[Список членов Совета Федерации России (с 2000);{{USSR}} → {{RUS}};[[Единая Россия]]
Тюлькин Виктор Аркадьевич; 14.5.1951;;; [[КПСС]], [[КП РСФСР]], [[Российская коммунистическая рабочая партия — Российская партия коммунистов
Агранов Яков Саулович; 12.10.1893 ; начальник [[ГУГБ НКВД СССР]] ;; [[Партия социалистов-революционеров
Аушев Руслан Султанович; 29.10.1954; [[Главы Ингушетии после 1991 года;; 
Филипп II Македонский; -382; [[Македонский царь]];;
Ханссон Пер Альбин; 28.10.1885 ;;; Социал-демократическая рабочая партия Швеции 
Муромцев Сергей Андреевич; 23.9.1850; [[Председатель Государственной думы Российской империи;; [[Конституционно-демократическая партия]]
Чарльз принц Уэльский; 14.11.1948; [[Наследник Британского Престола]];;
Александр I Добрый;  ; [[Список правителей Молдавского княжества;;
Мильштейн Соломон Рафаилович; 1899; генерал-лейтенант;;  [[КПСС]]
Ян I Ольбрахт; 27.12.1459 ; [[Список правителей Польши;;
Карл (герцог Орлеанский); 24.11.1394 ; [[Герцоги Орлеанские;;
Родионов Михаил Иванович; 25.10.1907; [[председатель Совета министров РСФСР]];; [[КПСС]]
Карелова Галина Николаевна; 29.6.1950;;; [[Единая Россия]]
Логинов Евгений Фёдорович; 23.10.1907 (10); [[Министерство гражданской авиации СССР;;
Вознесенский Николай Алексеевич; 1.12.1903 (18.11) ; Член [[Политбюро ЦК ВКП(б)]];; [[ВКП(б)]] с 1919 года
Кадыров Рамзан Ахматович; 05.10.1976; [[Главы Чечни после 1991 года;; [[Файл:Логотип партии "Единая Россия".svg
Пепеляев Виктор Николаевич; 8.01.1885 ; Председатель Совета Министров [[Российское правительство (1919);; [[Конституционно-демократическая партия]]
Тарлев Василий Павлович;  9.10.1963 ; [[Премьер-министр Молдавии]] ;; [[Партия «Возрождение» (Молдавия)
Швец Любовь Никитична; 17.4.1943;;; [[КПРФ]]
Завгаев Доку Гапурович; 22.12.1940 ; Чрезвычайный и Полномочный Посол России в Республике Словения ;;
Закаев Ахмед Халидович; 26.4.1959; [[Главы Чечни после 1991 года;;
Мутко Виталий Леонтьевич; 8.12.1958; [[Министерство спорта Российской Федерации;;
Ростопчин Фёдор Васильевич; 12.3.1763 ; Московский главнокомандующий ;;
Иванов Игорь Сергеевич; 23.9.1945; [[Министерство иностранных дел России;;
Рушайло Владимир Борисович; 28.7.1953 ; [[Министерство внутренних дел Российской Федерации;;  
Пейн Гуго де; 9.2.1070 ; [[Тамплиеры#Великие магистры ордена тамплиеров;;
Моле Жак де; [[1244]]-5/[[1249]]-50; [[Список великих магистров ордена тамплиеров;;
Дугал (король Островов); ; [[Список правителей королевства Островов;;
Ангус (король Островов); ; [[Список правителей королевства Островов;;
Ранальд (король Островов); ; [[Список правителей королевства Островов;;
Дымшиц Вениамин Эммануилович; 28.9.1910 (15); Заместитель Председателя Совета Министров СССР;; [[ВКП(б)]] с 1937 года.
Дункан (король Аргайла); ; [[Аргайл;;
Ельчанинов Анатолий Фёдорович; 3.07.1946 ; глава [[Курган (город);; [[Коммунистическая партия Советского Союза
Дитерихс Михаил Константинович; 17.4.1874 (5) ; Военный министр <br />[[Российское правительство (1919);;
Мария Павловна (1786—1859); 4.2.1786; великая герцогиня [[Саксен-Веймар-Эйзенах]]ская;;
Дональд (король Островов); ; [[Список правителей королевства Островов;;
Бордюжа Николай Николаевич; 20.10.1949  ; [[Руководитель Администрации Президента России]] ;;
Дашкова Екатерина Романовна; 28.3.1743 (17) ; [[Статс-дама]] [[Императорский двор Российской империи;  ;
Межлаук Валерий Иванович; 7.2.1893 (19) ; Заместитель Председателя Совета Народных Комиссаров СССР ;; [[РСДРП]] с 1907 года 
Джемилев Мустафа Абдулджемиль; 13.11.1943 ; [[Народный депутат Украины]] VI, VII созывов ; {{URS}} → {{UKR}} ; беспартийный 
Ридфор Жерар де; 1141; [[Магистр]] [[Тамплиеры;;
Сипягин Дмитрий Сергеевич; 20.3.1853 (8.03); 19-й [[Министры внутренних дел России;;
Боголепов Николай Павлович; 9.12.1846 (27.11) ; [[Министерство народного просвещения Российской империи;;
Урицкий Моисей Соломонович; 14.1.1873 (2); председатель [[Петроград;; 
Диана принцесса Уэльская; 1.7.1961   ; Её Высочество принцесса Уэльская   ;;
Степняк-Кравчинский Сергей Михайлович; 13.7.1851 (1);;;
Мезенцов Николай Владимирович; 23.4.1827 (11.4 по старому стилю); Начальник Третьего отделения [[Собственная Его Императорского Величества канцелярия;;
Романов Михаил Никитич; около [[1560]]; [[стольник]] ([[1597]]) и [[окольничий]] ([[1598]]); {{флагификация;
Ключарёв Александр Степанович; 23.6.1853 ; Уфимский губернатор ;;
Чайка Юрий Яковлевич; 21.5.1951; [[Министерство юстиции Российской Федерации;;
Захарьина-Юрьева Анастасия Романовна; 1530 или 1532 ; [[Список супругов российских правителей;;
Умаров Доку Хаматович; 13.04.1964; [[Эмир;;
Альфонсо XII Умиротворитель; 28.11.1857; [[Король Испании;;
Виктор Эммануил II; 14.03.1820; [[Сардинское королевство;;
Виктор Эммануил III; 11.11.1869; [[король Италии]];;
Эрнст (маркграф Австрии); 1027  ; [[Список правителей Австрии;;
Манфред (король Сицилии); 1232 ; [[король Сицилии]];;
Фридрих Вильгельм II; 25.9.1744; [[Список правителей Пруссии;;
Пак Чон Хи; 14.11.1917; [[Президент Республики Корея]];; [[Сэнури
Сергеев Игорь Дмитриевич; 20.4.1938 ; [[Министр обороны Российской Федерации]] ;; [[КПСС]] по 1991 год 
Андреева Нина Александровна; 12.10.1938 ;;; [[Всесоюзная коммунистическая партия большевиков]] 
Герман (герцог Австрии); 1225; [[герцог Австрии]];;
Нгуен Минь Чьет; 8.10.1942; [[Президент Вьетнама]]    ;; Коммунистическая партия Вьетнама
Каминский Бронислав Владиславович; 16.06.1899; Обер-бургомистр [[Локотское самоуправление;; [[Народная социалистическая партия России
Калмыков Юрий Хамзатович; 1.1.1934 ; [[Министерство юстиции Российской Федерации;;
Юсупов Николай Борисович; 26.10.1750 (15) ; министр [[Удельное ведомство;;
Каганович Лазарь Моисеевич; 22.11.1893 (10); министр промышленности строительных материалов СССР ;; [[РКП(б)]] (с 1911)
Нго Динь Зьем; 3.01.1901 ; [[Президент Республики Вьетнам]];;  [[Фронт национального спасения
Карломан (король Баварии); 830; [[король Баварии]];;
Карломан (майордом франков); ок. [[710]]; [[майордом Австразии]] ;;
Карломан (король франков); 751; [[Франкское государство;;
Харальд III Суровый; ок. [[1015 год]]а; [[Норвегия;;
Арнульф (герцог Баварии);  ; [[Список правителей Баварии;;
Эберхард (герцог Баварии);  ; [[Список правителей Баварии;;
Бертольд (герцог Баварии);  ;[[Список правителей Баварии;;
Риббентроп Иоахим фон; 30.04.1893; [[Список министров иностранных дел Германии;;  [[НСДАП]] (с 1932)
Мехлис Лев Захарович; 13.01.1889 (1); Заместитель Председателя Совета Народных Комиссаров СССР;; [[ВКП(б)]] (с [[1918 год]]а)
Балдуин II Иерусалимский; ок. [[1058]]; [[Граф Эдессы]];;
Бертран (граф Тулузы); 1065; [[граф Тулузы]];;
Пётр II Петрович; 13.11.1813; [[Владыка]] [[Черногория;;
Бунге Николай Христианович; 23.11.1823 (11); [[Премьер-министры России;;
Волынский Артемий Петрович; 1689; Губернатор <br /> [[Астраханская губерния;;
Нагая Мария Фёдоровна;  ;  ;;
Гамарник Ян Борисович; 2.6.1894 (21.5) ; Председатель Киевского губернского комитета КП(б) Украины, Киевского губернского исполкома и Киевского городского совета;; [[Коммунистическая партия Советского Союза
Стольберг Каарло Юхо; 28.01.1865; [[Президент Финляндии]];;
Ланской Сергей Степанович; 23.12.1787;;;
Маркварт (герцог Каринтии);  ; [[Список правителей Каринтии#Герцогство Каринтия (976—1335);;
Святополк-Мирский Пётр Дмитриевич; 30.08.1857 (18) ; [[Министерство внутренних дел Российской империи;;
Энгельберт (герцог Каринтии);  ; маркграф [[Истрия;;
Балдуин IV Иерусалимский; 1161 ; [[Король Иерусалима]];;
Гарольд II Годвинсон; ок. [[1022]]; [[эрл Восточной Англии]];;
Балдуин V Иерусалимский; 1177 ; [[Король Иерусалима]];;
Ядвига (королева Польши); 3.10.1373; [[Список правителей Польши;;
Амори I Иерусалимский; 1136; граф [[Графство Яффы и Аскалона;;
Пуришкевич Владимир Митрофанович; 24.08.1870 (12);;; [[Русское собрание]], [[СРН]], [[РНСМА]]
Иоанн VII Палеолог; ок. [[1370]]; [[Византийский император]];;
Вильгельм I Оранский; 24.4.1533 ; [[Штатгальтеры Нидерландов;;
Голицын Николай Дмитриевич; 12.04.1850 (31.03); [[Премьер-министры России;;
Турчинов Александр Валентинович; 31.3.1964; [[Президент Украины;; [[Всеукраинское объединение «Батькивщина»]]
Винский Иосиф Викентьевич; 02.01.1956 ; [[Министр транспорта и связи Украины]] ;; [[Объединённые левые и селяне]] 
Мухин Юрий Игнатьевич; 22.3.1949;;;
Курьянович Николай Владимирович; 19.06.1966 ;;; [[Комсомол]] <br /> (1980 - 1991 гг.), <br />[[ЛДПР]]<br /> (1996 - 2006 гг.)<br />[[Российский общенародный союз
Боровой Константин Натанович; 30.6.1948;;; * [[Партия экономической свободы]]<br />(1992—2003)* [[Западный выбор]]<br />(2013—н.в.)
Кречетников Михаил Никитич; 1729 ; [[Генерал-губернатор]] [[Калужское наместничество;;
Гельфман Геся Мировна; 1855;;; [[Народная воля]]
Саблин Николай Алексеевич; 1849;;; [[Народная воля]]
Сидорский Сергей Сергеевич; 13.3.1954; [[Министр по промышленности и агропромышленному комплексу Евразийской экономической комиссии]];; беспартийный
Смирнов-Осташвили Константин Владимирович; 15.5.1936;;; [[Национально-патриотический фронт «Память»
Кабинет министров Украины;;;;
Эйнион ап Кунеда; ок. [[420]]; [[Список правителей королевства Гвинед;;
Кадваллон ап Эйнион; ок. [[450]]; [[Список правителей королевства Гвинед;;
Шутов Юрий Титович; 16.03.1946;;;
Майлгун ап Кадваллон; ок. [[480]]; [[Список правителей королевства Гвинед;;
Рин ап Майлгун; ок. [[510]]; [[Список правителей королевства Гвинед;;
Бели ап Рин; 517; [[Список правителей королевства Гвинед;;
Иаго ап Бели; ок. [[560]]; [[Список правителей королевства Гвинед;;
Кадван ап Иаго; ок. [[560]]; [[Список правителей королевства Гвинед;;
Яндарбиев Зелимхан Абдулмуслимович; 12.9.1952; [[Главы Чечни после 1991 года;; [[Вайнахская демократическая партия]] 
Метшин Ильсур Раисович; 24.4.1969; Глава администрации [[Нижнекамск;; [[Единая Россия]]
